Workbook

Sheet TOTAL 6 ZS
B8: PROVINCE DU KASAI CENTRAL
B9: DIVISION PROVINCIALE DE LA SANTE DU KASAI CENTRAL
B10: COORDINATION PROVINCE PEV KASAI CENTRAL
A11: ANTENNE PEV LUIZA
B12: FEVRIER 2026
A15: Antenne | B15: Zone de Santé | C15: Aires de santé | D15: Nbre des réfrigérateus solaire fonctionnel | E15: Nbre des réfrigérateurs solaire en panne | F15: Nbre des réfrigérateus à pétrole fonctionnel | G15: Nbre des réfrigérateus à pétrole en panne | H15: Nbre des Boites isothermes (BI) | J15: Doses VAR | K15: Nbre des glacières | L15: Nbre d'accumulateur | M15: Nbre des megaphones
H16: Petit format | I16: Grand format
A17: LUIZA | B17: Kalomba | C17: Aigle Bady
A18: LUIZA | B18: Kalomba | C18: Kalendende
A19: LUIZA | B19: Kalomba | C19: Kalomba
A20: LUIZA | B20: Kalomba | C20: Kankungula
A21: LUIZA | B21: Kalomba | C21: Kasanga Luebo
A22: LUIZA | B22: Kalomba | C22: Kasuku
A23: LUIZA | B23: Kalomba | C23: Katshiabala
A24: LUIZA | B24: Kalomba | C24: Mbuluku
A25: LUIZA | B25: Kalomba | C25: Mbunku
A26: LUIZA | B26: Kalomba | C26: Mfuamba
A27: LUIZA | B27: Kalomba | C27: Muendele
A28: LUIZA | B28: Kalomba | C28: Mutetela
... A33: LUIZA | B33: Kalomba | C33: Tshitadi
A34: LUIZA | C34: BUREAU CENTRAL
A35: TOTAL ZS KALOMBA | C35: 17 | D35: =SUM(D17:D34) | E35: =SUM(E17:E34) | F35: =SUM(F17:F34) | G35: =SUM(G17:G34) | H35: =SUM(H17:H34) | I35: =SUM(I17:I34) | J35: =SUM(J17:J34) | K35: =SUM(K17:K34) | ... M35: =SUM(M17:M34)
A36: LUIZA | B36: Luambo | C36: Biaboko
A37: LUIZA | B37: Luambo | C37: Kakela
A38: LUIZA | B38: Luambo | C38: Kalamba Mbuyi
A39: LUIZA | B39: Luambo | C39: Kambongo
A40: LUIZA | B40: Luambo | C40: Kangambo Baka
A41: LUIZA | B41: Luambo | C41: Kangambo Secteur
A42: LUIZA | B42: Luambo | C42: Kasombo Bishi
A43: LUIZA | B43: Luambo | C43: Kavueta
A44: LUIZA | B44: Luambo | C44: Luambo
A45: LUIZA | B45: Luambo | C45: Lueta
A46: LUIZA | B46: Luambo | C46: Lumpungu
A47: LUIZA | B47: Luambo | C47: Luyinda
... A61: LUIZA | B61: Luambo | C61: Tshikuni
A62: LUIZA | C62: BUREAU CENTRAL
A63: TOTAL ZS LUAMBO | C63: 26 | D63: =SUM(D36:D62) | E63: =SUM(E36:E62) | F63: =SUM(F36:F62) | G63: =SUM(G36:G62) | H63: =SUM(H36:H62) | I63: =SUM(I36:I62) | J63: =SUM(J36:J62) | K63: =SUM(K36:K62) | ... M63: =SUM(M36:M62)
A64: LUIZA | B64: Luiza | C64: Bambaie
A65: LUIZA | B65: Luiza | C65: Communautaire
A66: LUIZA | B66: Luiza | C66: Isasa
A67: LUIZA | B67: Luiza | C67: Kabuanga
A68: LUIZA | B68: Luiza | C68: Kakala
A69: LUIZA | B69: Luiza | C69: Kakamba
A70: LUIZA | B70: Luiza | C70: Kamayi
A71: LUIZA | B71: Luiza | C71: Kamushilu
A72: LUIZA | B72: Luiza | C72: Kandakanda
A73: LUIZA | B73: Luiza | C73: Kapanga
A74: LUIZA | B74: Luiza | C74: Kasonga
A75: LUIZA | B75: Luiza | C75: Kazea
... A83: LUIZA | B83: Luiza | C83: Tutante
A84: LUIZA | C84: BUREAU CENTRAL
A85: TOTAL ZS LUIZA | C85: 20 | D85: =SUM(D64:D84) | E85: =SUM(E64:E84) | F85: =SUM(F64:F84) | G85: =SUM(G64:G84) | H85: =SUM(H64:H84) | I85: =SUM(I64:I84) | J85: =SUM(J64:J84) | K85: =SUM(K64:K84) | ... M85: =SUM(M64:M84)
A86: LUIZA | B86: Masuika | C86: Kalala Diboko
A87: LUIZA | B87: Masuika | C87: Kamoto
A88: LUIZA | B88: Masuika | C88: Kapasi
A89: LUIZA | B89: Masuika | C89: Katenga
A90: LUIZA | B90: Masuika | C90: Madia Madia
A91: LUIZA | B91: Masuika | C91: Malendji
A92: LUIZA | B92: Masuika | C92: Masuika
A93: LUIZA | B93: Masuika | C93: Mata
A94: LUIZA | B94: Masuika | C94: Mbangu
A95: LUIZA | B95: Masuika | C95: Muala Ntumba
A96: LUIZA | B96: Masuika | C96: Mukalenge Mulolo
A97: LUIZA | B97: Masuika | C97: Mukasa
... A108: LUIZA | B108: Masuika | C108: Ulongo
A109: LUIZA | C109: BUREAU CENTRAL
A110: TOTAL ZS MASUIKA | C110: 23 | D110: =SUM(D86:D109) | E110: =SUM(E86:E109) | F110: =SUM(F86:F109) | G110: =SUM(G86:G109) | H110: =SUM(H86:H109) | I110: =SUM(I86:I109) | J110: =SUM(J86:J109) | K110: =SUM(K86:K109) | ... M110: =SUM(M86:M109)
A111: LUIZA | B111: Tshibala | C111: Bashitshibayi
A112: LUIZA | B112: Tshibala | C112: Bisobo
A113: LUIZA | B113: Tshibala | C113: Bondeko
A114: LUIZA | B114: Tshibala | C114: Dibatayi
A115: LUIZA | B115: Tshibala | C115: Gabinda
A116: LUIZA | B116: Tshibala | C116: Gambamba
A117: LUIZA | B117: Tshibala | C117: Gumisu Gumisu
A118: LUIZA | B118: Tshibala | C118: Kaladila
A119: LUIZA | B119: Tshibala | C119: Kaputa
A120: LUIZA | B120: Tshibala | C120: Kavula
A121: LUIZA | B121: Tshibala | C121: Kibuani
A122: LUIZA | B122: Tshibala | C122: Luandanda
... A137: LUIZA | B137: Tshibala | C137: Tubanga
A138: LUIZA | C138: BUREAU CENTRAL
A139: TOTAL ZS TSHIBALA | C139: 27 | D139: =SUM(D111:D138) | E139: =SUM(E111:E138) | F139: =SUM(F111:F138) | G139: =SUM(G111:G138) | H139: =SUM(H111:H138) | I139: =SUM(I111:I138) | J139: =SUM(J111:J138) | K139: =SUM(K111:K138) | ... M139: =SUM(M111:M138)
A140: LUIZA | B140: Yangala | C140: Celham
A141: LUIZA | B141: Yangala | C141: Ingidi
A142: LUIZA | B142: Yangala | C142: Kabuabua
A143: LUIZA | B143: Yangala | C143: Kakuna
A144: LUIZA | B144: Yangala | C144: Kaleka
A145: LUIZA | B145: Yangala | C145: Kalenga Nganyi
A146: LUIZA | B146: Yangala | C146: Kampilu
A147: LUIZA | B147: Yangala | C147: Kamulolo
A148: LUIZA | B148: Yangala | C148: Kashishi
A149: LUIZA | B149: Yangala | C149: Kashita
A150: LUIZA | B150: Yangala | C150: Keji Mukoko
A151: LUIZA | B151: Yangala | C151: Lujiya
... A168: LUIZA | B168: Yangala | C168: Yao
A169: LUIZA | C169: BUREAU CENTRAL
A170: TOTAL ZS YANGALA | C170: 29 | D170: =SUM(D140:D169) | E170: =SUM(E140:E169) | F170: =SUM(F140:F169) | G170: =SUM(G140:G169) | H170: =SUM(H140:H169) | I170: =SUM(I140:I169) | J170: =SUM(J140:J169) | K170: =SUM(K140:K169) | ... M170: =SUM(M140:M169)
A171: TOTAL ANTENNE PEV LUIZA | C171: =C35+C63+C85+C110+C139+C170 | D171: =D35+D63+D85+D110+D139+D170 | E171: =E35+E63+E85+E110+E139+E170 | F171: =F35+F63+F85+F110+F139+F170 | G171: =G35+G63+G85+G110+G139+G170 | H171: =H35+H63+H85+H110+H139+H170 | I171: =I35+I63+I85+I110+I139+I170 | J171: =J35+J63+J85+J110+J139+J170 | ... M171: =M35+M63+M85+M110+M139+M170

Sheet SYNTHESE 1
B8: PROVINCE DU KASAI CENTRAL
B9: DIVISION PROVINCIALE DE LA SANTE DU KASAI CENTRAL
B10: COORDINATION PROVINCE PEV KASAI CENTRAL
A11: ANTENNE PEV LUIZA
B12: FEVRIER 2026
A15: Antenne | B15: Zone de Santé | C15: Nbre D' Aire de Santé | D15: Nbre total des refrigerateurs solaire | E15: Nbre des réfrigérateus solaire fonctionnel | F15: Taux de fonctionnalité | G15: Nbre des réfrigérateurs solaire en panne | H15: Taux des réfrigérateurs solaire en panne | I15: Nbre des réfrigérateus à pétrole fonctionnel | J15: Nbre des réfrigérateus à pétrole en panne | K15: Nbre des Boites isothermes (BI) | M15: Doses VAR | N15: Nbre des glacières | O15: Nbre d'accumulateur | P15: Nbre des megaphones
K16: Petit format | L16: Grand format
A17: LUIZA | B17: Kalomba | C17: ='TOTAL 6 ZS'!C35 | D17: =E17+G17 | E17: ='TOTAL 6 ZS'!D35 | F17: =IFERROR(E17*100/D17,"") | G17: ='TOTAL 6 ZS'!E35 | H17: =IFERROR(G17*100/D17,"") | I17: ='TOTAL 6 ZS'!F35 | J17: ='TOTAL 6 ZS'!G35 | K17: ='TOTAL 6 ZS'!H35 | L17: ='TOTAL 6 ZS'!I35 | M17: ='TOTAL 6 ZS'!J35 | N17: ='TOTAL 6 ZS'!K35 | O17: ='TOTAL 6 ZS'!L35 | P17: ='TOTAL 6 ZS'!M35
A18: LUIZA | B18: Luambo | C18: ='TOTAL 6 ZS'!C63 | D18: =E18+G18 | E18: ='TOTAL 6 ZS'!D63 | F18: =IFERROR(E18*100/D18,"") | G18: ='TOTAL 6 ZS'!E63 | H18: =IFERROR(G18*100/D18,"") | I18: ='TOTAL 6 ZS'!F63 | J18: ='TOTAL 6 ZS'!G63 | K18: ='TOTAL 6 ZS'!H63 | L18: ='TOTAL 6 ZS'!I63 | M18: ='TOTAL 6 ZS'!J63 | N18: ='TOTAL 6 ZS'!K63 | O18: ='TOTAL 6 ZS'!L63 | P18: ='TOTAL 6 ZS'!M63
A19: LUIZA | B19: Luiza | C19: ='TOTAL 6 ZS'!C85 | D19: =E19+G19 | E19: ='TOTAL 6 ZS'!D85 | F19: =IFERROR(E19*100/D19,"") | G19: ='TOTAL 6 ZS'!E85 | H19: =IFERROR(G19*100/D19,"") | I19: ='TOTAL 6 ZS'!F85 | J19: ='TOTAL 6 ZS'!G85 | K19: ='TOTAL 6 ZS'!H85 | L19: ='TOTAL 6 ZS'!I85 | M19: ='TOTAL 6 ZS'!J85 | N19: ='TOTAL 6 ZS'!K85 | O19: ='TOTAL 6 ZS'!L85 | P19: ='TOTAL 6 ZS'!M85
A20: LUIZA | B20: Masuika | C20: ='TOTAL 6 ZS'!C110 | D20: =E20+G20 | E20: ='TOTAL 6 ZS'!D110 | F20: =IFERROR(E20*100/D20,"") | G20: ='TOTAL 6 ZS'!E110 | H20: =IFERROR(G20*100/D20,"") | I20: ='TOTAL 6 ZS'!F110 | J20: ='TOTAL 6 ZS'!G110 | K20: ='TOTAL 6 ZS'!H110 | L20: ='TOTAL 6 ZS'!I110 | M20: ='TOTAL 6 ZS'!J110 | N20: ='TOTAL 6 ZS'!K110 | O20: ='TOTAL 6 ZS'!L110 | P20: ='TOTAL 6 ZS'!M110
A21: LUIZA | B21: Tshibala | C21: ='TOTAL 6 ZS'!C139 | D21: =E21+G21 | E21: ='TOTAL 6 ZS'!D139 | F21: =IFERROR(E21*100/D21,"") | G21: ='TOTAL 6 ZS'!E139 | H21: =IFERROR(G21*100/D21,"") | I21: ='TOTAL 6 ZS'!F139 | J21: ='TOTAL 6 ZS'!G139 | K21: ='TOTAL 6 ZS'!H139 | L21: ='TOTAL 6 ZS'!I139 | M21: ='TOTAL 6 ZS'!J139 | N21: ='TOTAL 6 ZS'!K139 | O21: ='TOTAL 6 ZS'!L139 | P21: ='TOTAL 6 ZS'!M139
A22: LUIZA | B22: Yangala | C22: ='TOTAL 6 ZS'!C170 | D22: =E22+G22 | E22: ='TOTAL 6 ZS'!D170 | F22: =IFERROR(E22*100/D22,"") | G22: ='TOTAL 6 ZS'!E170 | H22: =IFERROR(G22*100/D22,"") | I22: ='TOTAL 6 ZS'!F170 | J22: ='TOTAL 6 ZS'!G170 | K22: ='TOTAL 6 ZS'!H170 | L22: ='TOTAL 6 ZS'!I170 | M22: ='TOTAL 6 ZS'!J170 | N22: ='TOTAL 6 ZS'!K170 | O22: ='TOTAL 6 ZS'!L170 | P22: ='TOTAL 6 ZS'!M170
A23: TOTAL ANTENNE PEV LUIZA | C23: =SUM(C17:C22) | D23: =E23+G23 | E23: =SUM(E17:E22) | F23: =IFERROR(E23*100/D23,"") | G23: =SUM(G17:G22) | H23: =IFERROR(G23*100/D23,"") | I23: =SUM(I17:I22) | J23: =SUM(J17:J22) | K23: =SUM(K17:K22) | L23: =SUM(L17:L22) | M23: =SUM(M17:M22) | N23: =SUM(N17:N22) | O23: =SUM(O17:O22) | P23: =SUM(P17:P22)

Sheet COUVERTURE EN REFRIGERAREUR 
B8: PROVINCE DU KASAI CENTRAL
B9: DIVISION PROVINCIALE DE LA SANTE DU KASAI CENTRAL
B10: COORDINATION PROVINCE PEV KASAI CENTRAL
A11: ANTENNE PEV LUIZA
B12: FEVRIER 2026
A15: Antenne | B15: Zone de Santé | C15: Nbre D' Aire de Santé | D15: Nbre D' Aire de Santé sans réfrigérateur | E15: Nbre D' Aire de Santé avec réfrigerateur | F15: Couverture en réfrigérateur(%) | G15: Nbre d' AS avec deux réfrigérateur
A16: LUIZA | B16: Kalomba | C16: ='TOTAL 6 ZS'!C35 | D16: =SUMPRODUCT((('TOTAL 6 ZS'!$D$17:$D$33+'TOTAL 6 ZS'!$E$17:$E$33+'TOTAL 6 ZS'!$F$17:$F$33+'TOTAL 6 ZS'!$G$17:$G$33)=0)*1) | E16: =C16-D16 | F16: =IFERROR(E16*100/C16,"") | G16: =SUMPRODUCT((('TOTAL 6 ZS'!$D$17:$D$33+'TOTAL 6 ZS'!$E$17:$E$33+'TOTAL 6 ZS'!$F$17:$F$33+'TOTAL 6 ZS'!$G$17:$G$33)>=2)*1)
A17: LUIZA | B17: Luambo | C17: ='TOTAL 6 ZS'!C63 | D17: =SUMPRODUCT((('TOTAL 6 ZS'!$D$36:$D$61+'TOTAL 6 ZS'!$E$36:$E$61+'TOTAL 6 ZS'!$F$36:$F$61+'TOTAL 6 ZS'!$G$36:$G$61)=0)*1) | E17: =C17-D17 | F17: =IFERROR(E17*100/C17,"") | G17: =SUMPRODUCT((('TOTAL 6 ZS'!$D$36:$D$61+'TOTAL 6 ZS'!$E$36:$E$61+'TOTAL 6 ZS'!$F$36:$F$61+'TOTAL 6 ZS'!$G$36:$G$61)>=2)*1)
A18: LUIZA | B18: Luiza | C18: ='TOTAL 6 ZS'!C85 | D18: =SUMPRODUCT((('TOTAL 6 ZS'!$D$64:$D$83+'TOTAL 6 ZS'!$E$64:$E$83+'TOTAL 6 ZS'!$F$64:$F$83+'TOTAL 6 ZS'!$G$64:$G$83)=0)*1) | E18: =C18-D18 | F18: =IFERROR(E18*100/C18,"") | G18: =SUMPRODUCT((('TOTAL 6 ZS'!$D$64:$D$83+'TOTAL 6 ZS'!$E$64:$E$83+'TOTAL 6 ZS'!$F$64:$F$83+'TOTAL 6 ZS'!$G$64:$G$83)>=2)*1)
A19: LUIZA | B19: Masuika | C19: ='TOTAL 6 ZS'!C110 | D19: =SUMPRODUCT((('TOTAL 6 ZS'!$D$86:$D$108+'TOTAL 6 ZS'!$E$86:$E$108+'TOTAL 6 ZS'!$F$86:$F$108+'TOTAL 6 ZS'!$G$86:$G$108)=0)*1) | E19: =C19-D19 | F19: =IFERROR(E19*100/C19,"") | G19: =SUMPRODUCT((('TOTAL 6 ZS'!$D$86:$D$108+'TOTAL 6 ZS'!$E$86:$E$108+'TOTAL 6 ZS'!$F$86:$F$108+'TOTAL 6 ZS'!$G$86:$G$108)>=2)*1)
A20: LUIZA | B20: Tshibala | C20: ='TOTAL 6 ZS'!C139 | D20: =SUMPRODUCT((('TOTAL 6 ZS'!$D$111:$D$137+'TOTAL 6 ZS'!$E$111:$E$137+'TOTAL 6 ZS'!$F$111:$F$137+'TOTAL 6 ZS'!$G$111:$G$137)=0)*1) | E20: =C20-D20 | F20: =IFERROR(E20*100/C20,"") | G20: =SUMPRODUCT((('TOTAL 6 ZS'!$D$111:$D$137+'TOTAL 6 ZS'!$E$111:$E$137+'TOTAL 6 ZS'!$F$111:$F$137+'TOTAL 6 ZS'!$G$111:$G$137)>=2)*1)
A21: LUIZA | B21: Yangala | C21: ='TOTAL 6 ZS'!C170 | D21: =SUMPRODUCT((('TOTAL 6 ZS'!$D$140:$D$168+'TOTAL 6 ZS'!$E$140:$E$168+'TOTAL 6 ZS'!$F$140:$F$168+'TOTAL 6 ZS'!$G$140:$G$168)=0)*1) | E21: =C21-D21 | F21: =IFERROR(E21*100/C21,"") | G21: =SUMPRODUCT((('TOTAL 6 ZS'!$D$140:$D$168+'TOTAL 6 ZS'!$E$140:$E$168+'TOTAL 6 ZS'!$F$140:$F$168+'TOTAL 6 ZS'!$G$140:$G$168)>=2)*1)
A22: TOTAL ANTENNE PEV LUIZA | C22: =SUM(C16:C21) | D22: =SUM(D16:D21) | E22: =C22-D22 | F22: =IFERROR(E22*100/C22,"") | G22: =SUM(G16:G21)
