Workbook
Name CV_ZS: Analyses_CV_ZS!$C$15:$AB$51
Name Segment_Antenne: #N/A
Name Segment_Categorisaton: #N/A
Name Segment_CV_Penta3: #N/A
Name Segment_Tx_Abandon: #N/A
Name Segment_ZS: #N/A

Sheet INSTRUCTIONS

Sheet Data_Entry
A1: Période cumulée : | C1: 10 | D1: ="Janvier-"&(_xlfn.IFS(Data_Entry!C1=1,"Janvier",Data_Entry!C1=2,"Février",Data_Entry!C1=3,"Mars",Data_Entry!C1=4,"Avril",Data_Entry!C1=5,"Mai",Data_Entry!C1=6,"Juin",Data_Entry!C1=7,"Juillet",Data_Entry!C1=8,"Août",Data_Entry!C1=9,"Septembre",Data_Entry!C1=10,"Octobre",Data_Entry!C1=11,"Novembre",Data_Entry!C1=12,"Décembre"))&" "&"2024" -> Janvier-Octobre 2024
A2: DONNEES BRUTES EXTRAITES DE DHIS2
AO3: PERFORMANCES MASHAKO / ZS | AY3: Mise à jour | AZ3: 45596
A4: Province | B4: Antenne | C4: ZS | D4: AS | E4: Pop_Totale_2024 | F4: Cible 3,49% | G4: Cible 4% | H4: Cible_Cumulée 3,49% | I4: Cible_Cumulée 4% | J4: BCG | K4: VPO 0 | L4: VPO 1 | M4: VPO 2 | N4: VPO 3 | O4: Penta 1 | P4: Penta 2 | Q4: Penta 3 | R4: PCV-13 (1) | S4: PCV-13 (2) | T4: PCV-13 (3) | U4: Rota 1 | V4: Rota 2 | W4: Rota 3 | X4: VAR1 | Y4: VAR 2/RR 2 | Z4: VAA | AA4: VPI1 | AB4: VPI 2 | AC4: Td 1 | AD4: Td 2 | AE4: Td 3 | AF4: Td 4 | AG4: Td 5 | AH4: Td2+ | AI4: Promptitude | AJ4: Completude | AK4: EZD | AL4: ESV | AM4: ECV | AO4: ZS | AP4: Supervision des Zones de Santé par la province | AQ4: Supervision ZS vers AS | AR4: Disponibilité des vaccins et intrants | AS4: Fonctionnalité de la CDF | AT4: Score de séances fixes | AU4: Score de séances avancées | AV4: Disponibilité des cartes de vaccinations | AW4: Suivi des enfants | AX4: Réunions | AY4: Rapport de données | AZ4: Score total
A5: Nord Kivu | B5: Butembo | C5: Alimbongo | D5: Alimbongo | E5: 12959 | F5: =IFERROR(E5*3.49%,"") -> 452.2691 | G5: =IFERROR(E5*4%,"") -> 518.36 | H5: =IFERROR((F5/12)*$C$1,"") -> 376.89092 | I5: =IFERROR((G5/12)*$C$1,"") -> 431.96667 | J5: 371 | K5: 209 | L5: 429 | M5: 390 | N5: 399 | O5: 406 | P5: 367 | Q5: 367 | R5: 354 | S5: 304 | T5: 296 | U5: 386 | V5: 360 | W5: 358 | X5: 388 | Y5: 146 | Z5: 379 | AA5: 397 | AB5: 390 | AC5: 161 | AD5: 108 | AE5: 102 | AF5: 152 | AG5: 71 | AH5: =SUM(Tableau2[[#This Row],[Td 2]:[Td 5]]) -> 433 | AI5: 58.3 | AJ5: 100 | AK5: =IFERROR(IF(H5-O5<0,0,H5-O5),0) -> 0 | AL5: =IFERROR(IF(O5-X5<0,0,O5-X5),0) -> 18 | AM5: =MIN(X5,Z5) -> 379 | AO5: Alimbongo | AQ5: 0.61904762 | AR5: 0.69230769 | AS5: 1 | AT5: 0.38461538 | AU5: 0.77777778 | AV5: 1 | AW5: 0.38461538 | AY5: 0 | AZ5: 0.60952381
A6: Nord Kivu | B6: Butembo | C6: Alimbongo | D6: Bingi | E6: 14117 | F6: =IFERROR(E6*3.49%,"") -> 492.6833 | G6: =IFERROR(E6*4%,"") -> 564.68 | H6: =IFERROR((F6/12)*$C$1,"") -> 410.56942 | I6: =IFERROR((G6/12)*$C$1,"") -> 470.56667 | J6: 490 | K6: 1398 | L6: 617 | M6: 453 | N6: 595 | O6: 617 | P6: 452 | Q6: 595 | R6: 559 | S6: 420 | T6: 539 | U6: 617 | V6: 460 | W6: 600 | X6: 583 | Y6: 177 | Z6: 583 | AA6: 892 | AB6: 583 | AC6: 224 | AD6: 130 | AE6: 154 | AF6: 138 | AG6: 150 | AH6: =SUM(Tableau2[[#This Row],[Td 2]:[Td 5]]) -> 572 | AI6: 62.5 | AJ6: 100 | AK6: =IFERROR(IF(H6-O6<0,0,H6-O6),0) -> 0 | AL6: =IFERROR(IF(O6-X6<0,0,O6-X6),0) -> 34 | AM6: =MIN(X6,Z6) -> 583 | AO6: Bambo | AQ6: 0.92307692 | AR6: 1 | AS6: 1 | AT6: 0.25 | AU6: 1 | AV6: 1 | AW6: 1 | AY6: 0 | AZ6: 0.77596154
A7: Nord Kivu | B7: Butembo | C7: Alimbongo | D7: Bunyatenge | E7: 17821 | F7: =IFERROR(E7*3.49%,"") -> 621.9529 | G7: =IFERROR(E7*4%,"") -> 712.84 | H7: =IFERROR((F7/12)*$C$1,"") -> 518.29408 | I7: =IFERROR((G7/12)*$C$1,"") -> 594.03333 | J7: 415 | K7: 408 | L7: 631 | M7: 604 | N7: 594 | O7: 555 | P7: 543 | Q7: 517 | R7: 576 | S7: 551 | T7: 527 | U7: 631 | V7: 610 | W7: 589 | X7: 615 | Y7: 357 | Z7: 547 | AA7: 602 | AB7: 421 | AC7: 264 | AD7: 130 | AE7: 86 | AF7: 90 | AG7: 129 | AH7: =SUM(Tableau2[[#This Row],[Td 2]:[Td 5]]) -> 435 | AI7: 62.5 | AJ7: 100 | AK7: =IFERROR(IF(H7-O7<0,0,H7-O7),0) -> 0 | AL7: =IFERROR(IF(O7-X7<0,0,O7-X7),0) -> 0 | AM7: =MIN(X7,Z7) -> 547 | AO7: Beni | AQ7: 0 | AR7: 0 | AS7: 0 | AT7: 0 | AY7: 0 | AZ7: 0
A8: Nord Kivu | B8: Butembo | C8: Alimbongo | D8: Caritas Kaseghe | E8: 14630 | F8: =IFERROR(E8*3.49%,"") -> 510.587 | G8: =IFERROR(E8*4%,"") -> 585.2 | H8: =IFERROR((F8/12)*$C$1,"") -> 425.48917 | I8: =IFERROR((G8/12)*$C$1,"") -> 487.66667 | J8: 278 | K8: 14 | L8: 255 | M8: 226 | N8: 187 | O8: 262 | P8: 222 | Q8: 181 | R8: 201 | S8: 230 | T8: 193 | U8: 259 | V8: 243 | W8: 214 | X8: 296 | Y8: 74 | Z8: 247 | AA8: 208 | AB8: 186 | AC8: 103 | AD8: 87 | AE8: 43 | AF8: 37 | AG8: 33 | AH8: =SUM(Tableau2[[#This Row],[Td 2]:[Td 5]]) -> 200 | AI8: 54.2 | AJ8: 100 | AK8: =IFERROR(IF(H8-O8<0,0,H8-O8),0) -> 163.48917 | AL8: =IFERROR(IF(O8-X8<0,0,O8-X8),0) -> 0 | AM8: =MIN(X8,Z8) -> 247 | AO8: Biena | AQ8: 0.75 | AR8: 0.36363636 | AS8: 0.90909091 | AT8: 0.41666667 | AU8: 0.75 | AV8: 0.75 | AW8: 0.41666667 | AY8: 0 | AZ8: 0.52765152
A9: Nord Kivu | B9: Butembo | C9: Alimbongo | D9: Fatua | E9: 7629 | F9: =IFERROR(E9*3.49%,"") -> 266.2521 | G9: =IFERROR(E9*4%,"") -> 305.16 | H9: =IFERROR((F9/12)*$C$1,"") -> 221.87675 | I9: =IFERROR((G9/12)*$C$1,"") -> 254.3 | K9: 141 | L9: 177 | M9: 155 | N9: 150 | O9: 181 | P9: 180 | Q9: 171 | R9: 198 | S9: 141 | T9: 139 | U9: 140 | V9: 123 | W9: 137 | X9: 218 | Y9: 148 | Z9: 227 | AA9: 195 | AB9: 102 | AC9: 179 | AD9: 85 | AE9: 77 | AF9: 58 | AG9: 62 | AH9: =SUM(Tableau2[[#This Row],[Td 2]:[Td 5]]) -> 282 | AI9: 58.3 | AJ9: 100 | AK9: =IFERROR(IF(H9-O9<0,0,H9-O9),0) -> 40.87675 | AL9: =IFERROR(IF(O9-X9<0,0,O9-X9),0) -> 0 | AM9: =MIN(X9,Z9) -> 218 | AO9: Binza | AQ9: 0.35714286 | AR9: 0.66666667 | AS9: 1 | AT9: 1 | AU9: 1 | AV9: 0.6 | AW9: 0.8 | AY9: 0 | AZ9: 0.6902381
A10: Nord Kivu | B10: Butembo | C10: Alimbongo | D10: Itundwe | E10: 10164 | F10: =IFERROR(E10*3.49%,"") -> 354.7236 | G10: =IFERROR(E10*4%,"") -> 406.56 | H10: =IFERROR((F10/12)*$C$1,"") -> 295.603 | I10: =IFERROR((G10/12)*$C$1,"") -> 338.8 | J10: 198 | K10: 105 | L10: 391 | M10: 384 | N10: 403 | O10: 387 | P10: 377 | Q10: 370 | R10: 347 | S10: 331 | T10: 376 | U10: 405 | V10: 380 | W10: 414 | X10: 436 | Y10: 106 | Z10: 435 | AA10: 423 | AB10: 341 | AC10: 112 | AD10: 55 | AE10: 69 | AF10: 38 | AG10: 26 | AH10: =SUM(Tableau2[[#This Row],[Td 2]:[Td 5]]) -> 188 | AI10: 50 | AJ10: 100 | AK10: =IFERROR(IF(H10-O10<0,0,H10-O10),0) -> 0 | AL10: =IFERROR(IF(O10-X10<0,0,O10-X10),0) -> 0 | AM10: =MIN(X10,Z10) -> 435 | AO10: Birambizo | AQ10: 0.5 | AR10: 0.75 | AS10: 0.75 | AT10: 0.14285714 | AU10: 1 | AV10: 0.42857143 | AW10: 0.71428571 | AY10: 0 | AZ10: 0.56607143
A11: Nord Kivu | B11: Butembo | C11: Alimbongo | D11: Kalimba | E11: 10467 | F11: =IFERROR(E11*3.49%,"") -> 365.2983 | G11: =IFERROR(E11*4%,"") -> 418.68 | H11: =IFERROR((F11/12)*$C$1,"") -> 304.41525 | I11: =IFERROR((G11/12)*$C$1,"") -> 348.9 | J11: 236 | K11: 439 | L11: 313 | M11: 298 | N11: 348 | O11: 340 | P11: 329 | Q11: 329 | R11: 306 | S11: 287 | T11: 306 | U11: 357 | V11: 337 | W11: 357 | X11: 401 | Y11: 263 | Z11: 366 | AA11: 245 | AB11: 207 | AC11: 81 | AD11: 52 | AE11: 53 | AF11: 42 | AG11: 24 | AH11: =SUM(Tableau2[[#This Row],[Td 2]:[Td 5]]) -> 171 | AI11: 62.5 | AJ11: 100 | AK11: =IFERROR(IF(H11-O11<0,0,H11-O11),0) -> 0 | AL11: =IFERROR(IF(O11-X11<0,0,O11-X11),0) -> 0 | AM11: =MIN(X11,Z11) -> 366 | AO11: Butembo | AQ11: 0.875 | AR11: 0.5 | AS11: 1 | AT11: 0.64285714 | AU11: 1 | AV11: 0.85714286 | AW11: 0.42857143 | AY11: 0 | AZ11: 0.66696429
A12: Nord Kivu | B12: Butembo | C12: Alimbongo | D12: Kalungu | E12: 18343 | F12: =IFERROR(E12*3.49%,"") -> 640.1707 | G12: =IFERROR(E12*4%,"") -> 733.72 | H12: =IFERROR((F12/12)*$C$1,"") -> 533.47558 | I12: =IFERROR((G12/12)*$C$1,"") -> 611.43333 | J12: 354 | K12: 642 | L12: 540 | M12: 527 | N12: 541 | O12: 539 | P12: 530 | Q12: 540 | R12: 540 | S12: 529 | T12: 487 | U12: 540 | V12: 529 | W12: 542 | X12: 639 | Y12: 206 | Z12: 629 | AA12: 487 | AB12: 274 | AC12: 696 | AD12: 392 | AE12: 353 | AF12: 315 | AG12: 128 | AH12: =SUM(Tableau2[[#This Row],[Td 2]:[Td 5]]) -> 1188 | AI12: 52.8 | AJ12: 100 | AK12: =IFERROR(IF(H12-O12<0,0,H12-O12),0) -> 0 | AL12: =IFERROR(IF(O12-X12<0,0,O12-X12),0) -> 0 | AM12: =MIN(X12,Z12) -> 629 | AO12: Goma | AQ12: 0.5 | AR12: 1 | AS12: 1 | AT12: 0.2 | AV12: 0.8 | AW12: 0.6 | AY12: 0 | AZ12: 0.61764706
A13: Nord Kivu | B13: Butembo | C13: Alimbongo | D13: Kaseghe CBCA | E13: 9186 | F13: =IFERROR(E13*3.49%,"") -> 320.5914 | G13: =IFERROR(E13*4%,"") -> 367.44 | H13: =IFERROR((F13/12)*$C$1,"") -> 267.1595 | I13: =IFERROR((G13/12)*$C$1,"") -> 306.2 | J13: 12 | K13: 7 | L13: 288 | M13: 276 | N13: 293 | O13: 208 | P13: 197 | Q13: 215 | R13: 213 | S13: 202 | T13: 220 | U13: 240 | V13: 204 | W13: 221 | X13: 267 | Y13: 35 | Z13: 263 | AA13: 306 | AB13: 254 | AC13: 191 | AD13: 135 | AE13: 99 | AF13: 78 | AG13: 45 | AH13: =SUM(Tableau2[[#This Row],[Td 2]:[Td 5]]) -> 357 | AI13: 50 | AJ13: 100 | AK13: =IFERROR(IF(H13-O13<0,0,H13-O13),0) -> 59.1595 | AL13: =IFERROR(IF(O13-X13<0,0,O13-X13),0) -> 0 | AM13: =MIN(X13,Z13) -> 263 | AO13: Itebero | AQ13: 0.033333333 | AR13: 1 | AS13: 1 | AT13: 0 | AV13: 0 | AW13: 1 | AY13: 0 | AZ13: 0.47647059
A14: Nord Kivu | B14: Butembo | C14: Alimbongo | D14: Kasingiri | E14: 12955 | F14: =IFERROR(E14*3.49%,"") -> 452.1295 | G14: =IFERROR(E14*4%,"") -> 518.2 | H14: =IFERROR((F14/12)*$C$1,"") -> 376.77458 | I14: =IFERROR((G14/12)*$C$1,"") -> 431.83333 | J14: 283 | K14: 121 | L14: 178 | M14: 165 | N14: 167 | O14: 301 | P14: 291 | Q14: 269 | R14: 299 | S14: 282 | T14: 265 | U14: 333 | V14: 295 | W14: 309 | X14: 406 | Y14: 174 | Z14: 304 | AA14: 256 | AB14: 167 | AC14: 31 | AD14: 18 | AE14: 35 | AF14: 29 | AG14: 24 | AH14: =SUM(Tableau2[[#This Row],[Td 2]:[Td 5]]) -> 106 | AI14: 54.2 | AJ14: 100 | AK14: =IFERROR(IF(H14-O14<0,0,H14-O14),0) -> 75.774583 | AL14: =IFERROR(IF(O14-X14<0,0,O14-X14),0) -> 0 | AM14: =MIN(X14,Z14) -> 304 | AO14: Kalunguta | AQ14: 0.33333333 | AR14: 0.66666667 | AS14: 1 | AT14: 0.33333333 | AU14: 1 | AV14: 1 | AW14: 0.66666667 | AY14: 0 | AZ14: 0.6
A15: Nord Kivu | B15: Butembo | C15: Alimbongo | D15: Kikyo | E15: 13850 | F15: =IFERROR(E15*3.49%,"") -> 483.365 | G15: =IFERROR(E15*4%,"") -> 554 | H15: =IFERROR((F15/12)*$C$1,"") -> 402.80417 | I15: =IFERROR((G15/12)*$C$1,"") -> 461.66667 | J15: 128 | L15: 166 | M15: 158 | N15: 163 | O15: 169 | P15: 159 | Q15: 147 | R15: 171 | S15: 158 | T15: 148 | U15: 160 | V15: 152 | W15: 154 | X15: 167 | Y15: 30 | Z15: 166 | AA15: 164 | AB15: 156 | AC15: 77 | AD15: 40 | AE15: 17 | AF15: 11 | AG15: 16 | AH15: =SUM(Tableau2[[#This Row],[Td 2]:[Td 5]]) -> 84 | AI15: 45.8 | AJ15: 100 | AK15: =IFERROR(IF(H15-O15<0,0,H15-O15),0) -> 233.80417 | AL15: =IFERROR(IF(O15-X15<0,0,O15-X15),0) -> 2 | AM15: =MIN(X15,Z15) -> 166 | AO15: Kamango | AQ15: 0.14285714 | AR15: 0 | AS15: 0 | AT15: 0.5 | AU15: 1 | AV15: 0 | AW15: 0.5 | AY15: 0 | AZ15: 0.27142857
A16: Nord Kivu | B16: Butembo | C16: Alimbongo | D16: Kilonge | E16: 10570 | F16: =IFERROR(E16*3.49%,"") -> 368.893 | G16: =IFERROR(E16*4%,"") -> 422.8 | H16: =IFERROR((F16/12)*$C$1,"") -> 307.41083 | I16: =IFERROR((G16/12)*$C$1,"") -> 352.33333 | J16: 231 | K16: 191 | L16: 368 | M16: 350 | N16: 335 | O16: 366 | P16: 354 | Q16: 334 | R16: 317 | S16: 320 | T16: 283 | U16: 356 | V16: 306 | W16: 315 | X16: 358 | Y16: 63 | Z16: 311 | AA16: 265 | AB16: 201 | AC16: 562 | AD16: 354 | AE16: 190 | AF16: 125 | AG16: 108 | AH16: =SUM(Tableau2[[#This Row],[Td 2]:[Td 5]]) -> 777 | AI16: 58.3 | AJ16: 100 | AK16: =IFERROR(IF(H16-O16<0,0,H16-O16),0) -> 0 | AL16: =IFERROR(IF(O16-X16<0,0,O16-X16),0) -> 8 | AM16: =MIN(X16,Z16) -> 311 | AO16: Karisimbi | AQ16: 0 | AR16: 0 | AS16: 0 | AT16: 0 | AY16: 0 | AZ16: 0
A17: Nord Kivu | B17: Butembo | C17: Alimbongo | D17: Kiribata | E17: 8336 | F17: =IFERROR(E17*3.49%,"") -> 290.9264 | G17: =IFERROR(E17*4%,"") -> 333.44 | H17: =IFERROR((F17/12)*$C$1,"") -> 242.43867 | I17: =IFERROR((G17/12)*$C$1,"") -> 277.86667 | J17: 226 | K17: 31 | L17: 268 | M17: 254 | N17: 258 | O17: 293 | P17: 272 | Q17: 270 | R17: 283 | S17: 271 | T17: 268 | U17: 239 | V17: 240 | W17: 224 | X17: 274 | Y17: 109 | Z17: 264 | AA17: 225 | AB17: 215 | AC17: 77 | AD17: 57 | AE17: 63 | AF17: 60 | AG17: 63 | AH17: =SUM(Tableau2[[#This Row],[Td 2]:[Td 5]]) -> 243 | AI17: 58.3 | AJ17: 100 | AK17: =IFERROR(IF(H17-O17<0,0,H17-O17),0) -> 0 | AL17: =IFERROR(IF(O17-X17<0,0,O17-X17),0) -> 19 | AM17: =MIN(X17,Z17) -> 264 | AO17: Katoyi | AQ17: 1 | AR17: 0.15789474 | AS17: 0.94736842 | AT17: 0.14285714 | AU17: 1 | AV17: 0.57142857 | AW17: 0 | AY17: 0 | AZ17: 0.48421053
A18: Nord Kivu | B18: Butembo | C18: Alimbongo | D18: Kitsombiro | E18: 17192 | F18: =IFERROR(E18*3.49%,"") -> 600.0008 | G18: =IFERROR(E18*4%,"") -> 687.68 | H18: =IFERROR((F18/12)*$C$1,"") -> 500.00067 | I18: =IFERROR((G18/12)*$C$1,"") -> 573.06667 | J18: 454 | K18: 428 | L18: 425 | M18: 402 | N18: 395 | O18: 432 | P18: 404 | Q18: 387 | R18: 435 | S18: 419 | T18: 391 | U18: 368 | V18: 299 | W18: 212 | X18: 508 | Y18: 170 | Z18: 435 | AA18: 397 | AB18: 260 | AC18: 172 | AD18: 140 | AE18: 101 | AF18: 92 | AG18: 243 | AH18: =SUM(Tableau2[[#This Row],[Td 2]:[Td 5]]) -> 576 | AI18: 58.3 | AJ18: 100 | AK18: =IFERROR(IF(H18-O18<0,0,H18-O18),0) -> 68.000667 | AL18: =IFERROR(IF(O18-X18<0,0,O18-X18),0) -> 0 | AM18: =MIN(X18,Z18) -> 435 | AO18: Katwa | AQ18: 0.65 | AR18: 0.625 | AS18: 1 | AT18: 0.30769231 | AU18: 1 | AV18: 0.46153846 | AW18: 0.76923077 | AY18: 0 | AZ18: 0.61144231
A19: Nord Kivu | B19: Butembo | C19: Alimbongo | D19: Kyambali | E19: 11082 | F19: =IFERROR(E19*3.49%,"") -> 386.7618 | G19: =IFERROR(E19*4%,"") -> 443.28 | H19: =IFERROR((F19/12)*$C$1,"") -> 322.3015 | I19: =IFERROR((G19/12)*$C$1,"") -> 369.4 | J19: 188 | K19: 28 | L19: 187 | M19: 172 | N19: 190 | O19: 178 | P19: 170 | Q19: 183 | R19: 174 | S19: 149 | T19: 173 | U19: 182 | V19: 177 | W19: 187 | X19: 231 | Y19: 55 | Z19: 208 | AA19: 212 | AB19: 232 | AC19: 42 | AD19: 4 | AE19: 9 | AF19: 29 | AG19: 35 | AH19: =SUM(Tableau2[[#This Row],[Td 2]:[Td 5]]) -> 77 | AI19: 50 | AJ19: 100 | AK19: =IFERROR(IF(H19-O19<0,0,H19-O19),0) -> 144.3015 | AL19: =IFERROR(IF(O19-X19<0,0,O19-X19),0) -> 0 | AM19: =MIN(X19,Z19) -> 208 | AO19: Kayna | AQ19: 0.043478261 | AR19: 0 | AS19: 0 | AT19: 1 | AV19: 0 | AW19: 1 | AY19: 0 | AZ19: 0.24296675
A20: Nord Kivu | B20: Butembo | C20: Alimbongo | D20: Lubango | E20: 16481 | F20: =IFERROR(E20*3.49%,"") -> 575.1869 | G20: =IFERROR(E20*4%,"") -> 659.24 | H20: =IFERROR((F20/12)*$C$1,"") -> 479.32242 | I20: =IFERROR((G20/12)*$C$1,"") -> 549.36667 | J20: 565 | K20: 596 | L20: 534 | M20: 521 | N20: 543 | O20: 519 | P20: 487 | Q20: 492 | R20: 507 | S20: 462 | T20: 457 | U20: 538 | V20: 486 | W20: 505 | X20: 540 | Y20: 167 | Z20: 563 | AA20: 547 | AB20: 443 | AC20: 490 | AD20: 340 | AE20: 126 | AF20: 75 | AG20: 25 | AH20: =SUM(Tableau2[[#This Row],[Td 2]:[Td 5]]) -> 566 | AI20: 58.3 | AJ20: 100 | AK20: =IFERROR(IF(H20-O20<0,0,H20-O20),0) -> 0 | AL20: =IFERROR(IF(O20-X20<0,0,O20-X20),0) -> 0 | AM20: =MIN(X20,Z20) -> 540 | AO20: Kibirizi | AQ20: 0.75 | AR20: 0.41176471 | AS20: 0.94117647 | AT20: 0.33333333 | AU20: 1 | AV20: 0.77777778 | AW20: 0.38888889 | AY20: 0 | AZ20: 0.56789216
A21: Nord Kivu | B21: Butembo | C21: Alimbongo | D21: Lunyasenge | E21: 13216 | F21: =IFERROR(E21*3.49%,"") -> 461.2384 | G21: =IFERROR(E21*4%,"") -> 528.64 | H21: =IFERROR((F21/12)*$C$1,"") -> 384.36533 | I21: =IFERROR((G21/12)*$C$1,"") -> 440.53333 | J21: 340 | K21: 284 | L21: 289 | M21: 231 | N21: 257 | O21: 299 | P21: 267 | Q21: 244 | R21: 260 | S21: 233 | T21: 221 | U21: 323 | V21: 256 | W21: 256 | X21: 337 | Y21: 90 | Z21: 298 | AA21: 227 | AB21: 228 | AC21: 169 | AD21: 90 | AE21: 32 | AF21: 18 | AG21: 22 | AH21: =SUM(Tableau2[[#This Row],[Td 2]:[Td 5]]) -> 162 | AI21: 66.7 | AJ21: 100 | AK21: =IFERROR(IF(H21-O21<0,0,H21-O21),0) -> 85.365333 | AL21: =IFERROR(IF(O21-X21<0,0,O21-X21),0) -> 0 | AM21: =MIN(X21,Z21) -> 298 | AO21: Kibua | AQ21: 0.15789474 | AR21: 1 | AS21: 1 | AT21: 0 | AU21: 1 | AV21: 0.33333333 | AW21: 0 | AY21: 0 | AZ21: 0.54035088
A22: Nord Kivu | B22: Butembo | C22: Alimbongo | D22: Luseke | E22: 17854 | F22: =IFERROR(E22*3.49%,"") -> 623.1046 | G22: =IFERROR(E22*4%,"") -> 714.16 | H22: =IFERROR((F22/12)*$C$1,"") -> 519.25383 | I22: =IFERROR((G22/12)*$C$1,"") -> 595.13333 | J22: 494 | K22: 436 | L22: 388 | M22: 407 | N22: 374 | O22: 442 | P22: 444 | Q22: 421 | R22: 430 | S22: 425 | T22: 413 | U22: 409 | V22: 425 | W22: 461 | X22: 585 | Y22: 218 | Z22: 534 | AA22: 470 | AB22: 333 | AC22: 169 | AD22: 107 | AE22: 128 | AF22: 124 | AG22: 103 | AH22: =SUM(Tableau2[[#This Row],[Td 2]:[Td 5]]) -> 462 | AI22: 58.3 | AJ22: 100 | AK22: =IFERROR(IF(H22-O22<0,0,H22-O22),0) -> 77.253833 | AL22: =IFERROR(IF(O22-X22<0,0,O22-X22),0) -> 0 | AM22: =MIN(X22,Z22) -> 534 | AO22: Kirotshe | AQ22: 0 | AR22: 0 | AS22: 0 | AT22: 0 | AY22: 0 | AZ22: 0
A23: Nord Kivu | B23: Butembo | C23: Alimbongo | D23: Masika | E23: 8599 | F23: =IFERROR(E23*3.49%,"") -> 300.1051 | G23: =IFERROR(E23*4%,"") -> 343.96 | H23: =IFERROR((F23/12)*$C$1,"") -> 250.08758 | I23: =IFERROR((G23/12)*$C$1,"") -> 286.63333 | J23: 283 | K23: 254 | L23: 475 | M23: 379 | N23: 346 | O23: 446 | P23: 351 | Q23: 274 | R23: 412 | S23: 342 | T23: 289 | U23: 385 | V23: 300 | W23: 242 | X23: 315 | Y23: 213 | Z23: 315 | AA23: 294 | AB23: 202 | AC23: 64 | AD23: 87 | AE23: 95 | AF23: 51 | AG23: 48 | AH23: =SUM(Tableau2[[#This Row],[Td 2]:[Td 5]]) -> 281 | AI23: 58.3 | AJ23: 100 | AK23: =IFERROR(IF(H23-O23<0,0,H23-O23),0) -> 0 | AL23: =IFERROR(IF(O23-X23<0,0,O23-X23),0) -> 131 | AM23: =MIN(X23,Z23) -> 315 | AO23: Kyondo | AQ23: 0.39130435 | AR23: 0.71428571 | AS23: 1 | AT23: 0.55555556 | AU23: 1 | AV23: 0.77777778 | AW23: 0.88888889 | AY23: 0 | AZ23: 0.65393375
A24: Nord Kivu | B24: Butembo | C24: Alimbongo | D24: Matembe | E24: 9885 | F24: =IFERROR(E24*3.49%,"") -> 344.9865 | G24: =IFERROR(E24*4%,"") -> 395.4 | H24: =IFERROR((F24/12)*$C$1,"") -> 287.48875 | I24: =IFERROR((G24/12)*$C$1,"") -> 329.5 | J24: 91 | K24: 106 | L24: 189 | M24: 148 | N24: 180 | O24: 168 | P24: 124 | Q24: 180 | R24: 168 | S24: 124 | T24: 160 | U24: 184 | V24: 144 | W24: 170 | X24: 215 | Y24: 41 | Z24: 213 | AA24: 180 | AB24: 179 | AC24: 63 | AD24: 38 | AE24: 17 | AF24: 22 | AG24: 20 | AH24: =SUM(Tableau2[[#This Row],[Td 2]:[Td 5]]) -> 97 | AI24: 54.2 | AJ24: 100 | AK24: =IFERROR(IF(H24-O24<0,0,H24-O24),0) -> 119.48875 | AL24: =IFERROR(IF(O24-X24<0,0,O24-X24),0) -> 0 | AM24: =MIN(X24,Z24) -> 213 | AO24: Lubero | AQ24: 0 | AR24: 0 | AS24: 0 | AT24: 0 | AY24: 0 | AZ24: 0
A25: Nord Kivu | B25: Butembo | C25: Alimbongo | D25: Ndoluma | E25: 12794 | F25: =IFERROR(E25*3.49%,"") -> 446.5106 | G25: =IFERROR(E25*4%,"") -> 511.76 | H25: =IFERROR((F25/12)*$C$1,"") -> 372.09217 | I25: =IFERROR((G25/12)*$C$1,"") -> 426.46667 | J25: 311 | K25: 139 | L25: 370 | M25: 363 | N25: 370 | O25: 351 | P25: 361 | Q25: 370 | R25: 333 | S25: 325 | T25: 333 | U25: 370 | V25: 361 | W25: 368 | X25: 450 | Y25: 145 | Z25: 368 | AA25: 370 | AB25: 180 | AC25: 103 | AD25: 57 | AE25: 59 | AF25: 58 | AG25: 51 | AH25: =SUM(Tableau2[[#This Row],[Td 2]:[Td 5]]) -> 225 | AI25: 58.3 | AJ25: 100 | AK25: =IFERROR(IF(H25-O25<0,0,H25-O25),0) -> 21.092167 | AL25: =IFERROR(IF(O25-X25<0,0,O25-X25),0) -> 0 | AM25: =MIN(X25,Z25) -> 368 | AO25: Mabalako | AQ25: 0.125 | AR25: 0.5 | AS25: 1 | AT25: 0 | AU25: 1 | AV25: 0.5 | AW25: 0.5 | AY25: 0 | AZ25: 0.44375
A26: Nord Kivu | B26: Butembo | C26: Alimbongo | D26: Ngekeni | E26: 7048 | F26: =IFERROR(E26*3.49%,"") -> 245.9752 | G26: =IFERROR(E26*4%,"") -> 281.92 | H26: =IFERROR((F26/12)*$C$1,"") -> 204.97933 | I26: =IFERROR((G26/12)*$C$1,"") -> 234.93333 | J26: 295 | K26: 192 | L26: 311 | M26: 212 | N26: 221 | O26: 261 | P26: 212 | Q26: 221 | R26: 261 | S26: 212 | T26: 221 | U26: 244 | V26: 203 | W26: 212 | X26: 197 | Y26: 116 | Z26: 197 | AA26: 221 | AB26: 100 | AC26: 76 | AD26: 76 | AE26: 84 | AF26: 52 | AG26: 21 | AH26: =SUM(Tableau2[[#This Row],[Td 2]:[Td 5]]) -> 233 | AI26: 58.3 | AJ26: 100 | AK26: =IFERROR(IF(H26-O26<0,0,H26-O26),0) -> 0 | AL26: =IFERROR(IF(O26-X26<0,0,O26-X26),0) -> 64 | AM26: =MIN(X26,Z26) -> 197 | AO26: Manguredjipa | AQ26: 0.5 | AR26: 1 | AS26: 1 | AT26: 0.6 | AU26: 0.5 | AV26: 1 | AW26: 0.2 | AY26: 0 | AZ26: 0.65
A27: Nord Kivu | B27: Butembo | C27: Alimbongo | D27: Taliha | E27: 11191 | F27: =IFERROR(E27*3.49%,"") -> 390.5659 | G27: =IFERROR(E27*4%,"") -> 447.64 | H27: =IFERROR((F27/12)*$C$1,"") -> 325.47158 | I27: =IFERROR((G27/12)*$C$1,"") -> 373.03333 | J27: 316 | K27: 146 | L27: 338 | M27: 299 | N27: 281 | O27: 294 | P27: 277 | Q27: 253 | R27: 305 | S27: 269 | T27: 253 | U27: 374 | V27: 333 | W27: 313 | X27: 334 | Y27: 75 | Z27: 319 | AA27: 244 | AB27: 88 | AC27: 255 | AD27: 195 | AE27: 90 | AF27: 39 | AG27: 68 | AH27: =SUM(Tableau2[[#This Row],[Td 2]:[Td 5]]) -> 392 | AI27: 58.3 | AJ27: 100 | AK27: =IFERROR(IF(H27-O27<0,0,H27-O27),0) -> 31.471583 | AL27: =IFERROR(IF(O27-X27<0,0,O27-X27),0) -> 0 | AM27: =MIN(X27,Z27) -> 319 | AO27: Masereka | AQ27: 0.125 | AR27: 0 | AS27: 1 | AT27: 0 | AV27: 1 | AW27: 1 | AY27: 0 | AZ27: 0.25735294
A28: Nord Kivu | B28: Butembo | C28: Alimbongo | D28: Vutsorovia | E28: 12999 | F28: =IFERROR(E28*3.49%,"") -> 453.6651 | G28: =IFERROR(E28*4%,"") -> 519.96 | H28: =IFERROR((F28/12)*$C$1,"") -> 378.05425 | I28: =IFERROR((G28/12)*$C$1,"") -> 433.3 | J28: 474 | K28: 154 | L28: 330 | M28: 318 | N28: 268 | O28: 360 | P28: 346 | Q28: 304 | R28: 348 | S28: 344 | T28: 289 | U28: 355 | V28: 352 | W28: 284 | X28: 339 | Y28: 175 | Z28: 345 | AA28: 217 | AB28: 185 | AC28: 94 | AD28: 84 | AE28: 60 | AF28: 51 | AG28: 48 | AH28: =SUM(Tableau2[[#This Row],[Td 2]:[Td 5]]) -> 243 | AI28: 52.8 | AJ28: 100 | AK28: =IFERROR(IF(H28-O28<0,0,H28-O28),0) -> 18.05425 | AL28: =IFERROR(IF(O28-X28<0,0,O28-X28),0) -> 21 | AM28: =MIN(X28,Z28) -> 339 | AO28: Masisi | AQ28: 0.038461538 | AR28: 0 | AS28: 0 | AT28: 0 | AV28: 0 | AW28: 0 | AY28: 0 | AZ28: 0.0067873303
A29: Nord Kivu | B29: Goma | C29: Bambo | D29: Butare | E29: 21546 | F29: =IFERROR(E29*3.49%,"") -> 751.9554 | G29: =IFERROR(E29*4%,"") -> 861.84 | H29: =IFERROR((F29/12)*$C$1,"") -> 626.6295 | I29: =IFERROR((G29/12)*$C$1,"") -> 718.2 | J29: 643 | K29: 393 | L29: 589 | M29: 568 | N29: 555 | O29: 589 | P29: 568 | Q29: 555 | R29: 589 | S29: 568 | T29: 555 | U29: 585 | V29: 568 | W29: 555 | X29: 608 | Y29: 118 | Z29: 578 | AA29: 555 | AB29: 57 | AC29: 335 | AD29: 385 | AE29: 125 | AF29: 62 | AH29: =SUM(Tableau2[[#This Row],[Td 2]:[Td 5]]) -> 572 | AI29: 50 | AJ29: 100 | AK29: =IFERROR(IF(H29-O29<0,0,H29-O29),0) -> 37.6295 | AL29: =IFERROR(IF(O29-X29<0,0,O29-X29),0) -> 0 | AM29: =MIN(X29,Z29) -> 578 | AO29: Musienene | AQ29: 0.15 | AR29: 0 | AS29: 1 | AT29: 0.66666667 | AU29: 0.5 | AV29: 1 | AW29: 0 | AY29: 0 | AZ29: 0.3475
A30: Nord Kivu | B30: Goma | C30: Bambo | D30: CBCA Bambo | E30: 17294 | F30: =IFERROR(E30*3.49%,"") -> 603.5606 | G30: =IFERROR(E30*4%,"") -> 691.76 | H30: =IFERROR((F30/12)*$C$1,"") -> 502.96717 | I30: =IFERROR((G30/12)*$C$1,"") -> 576.46667 | J30: 1205 | K30: 685 | L30: 644 | M30: 624 | N30: 634 | O30: 644 | P30: 624 | Q30: 634 | R30: 644 | S30: 625 | T30: 634 | U30: 643 | V30: 624 | W30: 634 | X30: 634 | Y30: 182 | Z30: 634 | AA30: 634 | AB30: 280 | AC30: 390 | AD30: 324 | AE30: 285 | AF30: 228 | AG30: 198 | AH30: =SUM(Tableau2[[#This Row],[Td 2]:[Td 5]]) -> 1035 | AI30: 58.3 | AJ30: 100 | AK30: =IFERROR(IF(H30-O30<0,0,H30-O30),0) -> 0 | AL30: =IFERROR(IF(O30-X30<0,0,O30-X30),0) -> 10 | AM30: =MIN(X30,Z30) -> 634 | AO30: Mutwanga | AQ30: 0.25 | AR30: 0.66666667 | AS30: 1 | AT30: 0.6 | AU30: 0.33333333 | AV30: 0.6 | AW30: 0 | AY30: 0 | AZ30: 0.47416667
A31: Nord Kivu | B31: Goma | C31: Bambo | D31: CEBCE Bambo | E31: 15244 | F31: =IFERROR(E31*3.49%,"") -> 532.0156 | G31: =IFERROR(E31*4%,"") -> 609.76 | H31: =IFERROR((F31/12)*$C$1,"") -> 443.34633 | I31: =IFERROR((G31/12)*$C$1,"") -> 508.13333 | J31: 565 | K31: 362 | L31: 401 | M31: 371 | N31: 390 | O31: 463 | P31: 431 | Q31: 450 | R31: 463 | S31: 431 | T31: 450 | U31: 463 | V31: 395 | W31: 450 | X31: 454 | Y31: 195 | Z31: 452 | AA31: 448 | AB31: 258 | AC31: 84 | AD31: 62 | AE31: 77 | AF31: 43 | AG31: 55 | AH31: =SUM(Tableau2[[#This Row],[Td 2]:[Td 5]]) -> 237 | AI31: 58.3 | AJ31: 100 | AK31: =IFERROR(IF(H31-O31<0,0,H31-O31),0) -> 0 | AL31: =IFERROR(IF(O31-X31<0,0,O31-X31),0) -> 9 | AM31: =MIN(X31,Z31) -> 452 | AO31: Mweso | AQ31: 0.68 | AR31: 0.13333333 | AS31: 1 | AT31: 0.47058824 | AU31: 1 | AV31: 0.41176471 | AW31: 0.58823529 | AY31: 0 | AZ31: 0.50592157
A32: Nord Kivu | B32: Goma | C32: Bambo | D32: Faraja | E32: 17893 | F32: =IFERROR(E32*3.49%,"") -> 624.4657 | G32: =IFERROR(E32*4%,"") -> 715.72 | H32: =IFERROR((F32/12)*$C$1,"") -> 520.38808 | I32: =IFERROR((G32/12)*$C$1,"") -> 596.43333 | J32: 596 | K32: 313 | L32: 540 | M32: 493 | N32: 491 | O32: 595 | P32: 545 | Q32: 538 | R32: 595 | S32: 545 | T32: 538 | U32: 595 | V32: 545 | W32: 538 | X32: 542 | Y32: 505 | Z32: 494 | AA32: 538 | AB32: 328 | AC32: 85 | AD32: 38 | AE32: 57 | AF32: 32 | AG32: 48 | AH32: =SUM(Tableau2[[#This Row],[Td 2]:[Td 5]]) -> 175 | AI32: 58.3 | AJ32: 100 | AK32: =IFERROR(IF(H32-O32<0,0,H32-O32),0) -> 0 | AL32: =IFERROR(IF(O32-X32<0,0,O32-X32),0) -> 53 | AM32: =MIN(X32,Z32) -> 494 | AO32: Nyiragongo | AQ32: 0.36363636 | AR32: 0.5 | AS32: 1 | AT32: 0.5 | AV32: 1 | AW32: 0.75 | AY32: 0 | AZ32: 0.52005348
A33: Nord Kivu | B33: Goma | C33: Bambo | D33: Kabizo | E33: 21628 | F33: =IFERROR(E33*3.49%,"") -> 754.8172 | G33: =IFERROR(E33*4%,"") -> 865.12 | H33: =IFERROR((F33/12)*$C$1,"") -> 629.01433 | I33: =IFERROR((G33/12)*$C$1,"") -> 720.93333 | J33: 569 | K33: 554 | L33: 393 | M33: 375 | N33: 357 | O33: 549 | P33: 524 | Q33: 511 | R33: 549 | S33: 522 | T33: 511 | U33: 549 | V33: 524 | W33: 511 | X33: 326 | Y33: 86 | Z33: 191 | AA33: 264 | AB33: 84 | AC33: 137 | AD33: 99 | AE33: 108 | AF33: 93 | AG33: 147 | AH33: =SUM(Tableau2[[#This Row],[Td 2]:[Td 5]]) -> 447 | AI33: 58.3 | AJ33: 100 | AK33: =IFERROR(IF(H33-O33<0,0,H33-O33),0) -> 80.014333 | AL33: =IFERROR(IF(O33-X33<0,0,O33-X33),0) -> 223 | AM33: =MIN(X33,Z33) -> 191 | AO33: Oicha | AQ33: 0.18518519 | AR33: 0.33333333 | AS33: 1 | AT33: 0.2 | AU33: 0 | AV33: 0.4 | AW33: 0.6 | AY33: 0 | AZ33: 0.29111111
A34: Nord Kivu | B34: Goma | C34: Bambo | D34: Kamena | E34: 17723 | F34: =IFERROR(E34*3.49%,"") -> 618.5327 | G34: =IFERROR(E34*4%,"") -> 708.92 | H34: =IFERROR((F34/12)*$C$1,"") -> 515.44392 | I34: =IFERROR((G34/12)*$C$1,"") -> 590.76667 | J34: 514 | K34: 235 | L34: 515 | M34: 500 | N34: 521 | O34: 515 | P34: 500 | Q34: 521 | R34: 519 | S34: 500 | T34: 521 | U34: 515 | V34: 500 | W34: 521 | X34: 484 | Y34: 211 | Z34: 506 | AA34: 521 | AB34: 400 | AC34: 384 | AD34: 216 | AE34: 59 | AF34: 59 | AG34: 63 | AH34: =SUM(Tableau2[[#This Row],[Td 2]:[Td 5]]) -> 397 | AI34: 58.3 | AJ34: 100 | AK34: =IFERROR(IF(H34-O34<0,0,H34-O34),0) -> 0.44391667 | AL34: =IFERROR(IF(O34-X34<0,0,O34-X34),0) -> 31 | AM34: =MIN(X34,Z34) -> 484 | AO34: Pinga | AQ34: 0.36842105 | AR34: 0.5 | AS34: 1 | AT34: 0.42857143 | AU34: 0.85714286 | AV34: 0.85714286 | AW34: 0.14285714 | AY34: 0 | AZ34: 0.5231203
A35: Nord Kivu | B35: Goma | C35: Bambo | D35: Kirumba | E35: 19416 | F35: =IFERROR(E35*3.49%,"") -> 677.6184 | G35: =IFERROR(E35*4%,"") -> 776.64 | H35: =IFERROR((F35/12)*$C$1,"") -> 564.682 | I35: =IFERROR((G35/12)*$C$1,"") -> 647.2 | J35: 720 | K35: 479 | L35: 556 | M35: 554 | N35: 551 | O35: 556 | P35: 554 | Q35: 550 | R35: 556 | S35: 554 | T35: 551 | U35: 565 | V35: 554 | W35: 550 | X35: 537 | Y35: 553 | Z35: 537 | AA35: 551 | AB35: 258 | AC35: 248 | AD35: 225 | AE35: 193 | AF35: 143 | AG35: 142 | AH35: =SUM(Tableau2[[#This Row],[Td 2]:[Td 5]]) -> 703 | AI35: 58.3 | AJ35: 100 | AK35: =IFERROR(IF(H35-O35<0,0,H35-O35),0) -> 8.682 | AL35: =IFERROR(IF(O35-X35<0,0,O35-X35),0) -> 19 | AM35: =MIN(X35,Z35) -> 537 | AO35: Rutshuru | AQ35: 0.3125 | AR35: 0.66666667 | AS35: 1 | AT35: 1 | AV35: 0.4 | AW35: 1 | AY35: 0 | AZ35: 0.62769608
A36: Nord Kivu | B36: Goma | C36: Bambo | D36: Kishishe | E36: 16150 | F36: =IFERROR(E36*3.49%,"") -> 563.635 | G36: =IFERROR(E36*4%,"") -> 646 | H36: =IFERROR((F36/12)*$C$1,"") -> 469.69583 | I36: =IFERROR((G36/12)*$C$1,"") -> 538.33333 | J36: 445 | K36: 195 | L36: 380 | M36: 352 | N36: 362 | O36: 380 | P36: 352 | Q36: 362 | R36: 380 | S36: 362 | T36: 362 | U36: 380 | V36: 362 | W36: 362 | X36: 399 | Y36: 201 | Z36: 399 | AA36: 362 | AB36: 284 | AC36: 100 | AD36: 88 | AE36: 22 | AF36: 24 | AG36: 59 | AH36: =SUM(Tableau2[[#This Row],[Td 2]:[Td 5]]) -> 193 | AI36: 58.3 | AJ36: 100 | AK36: =IFERROR(IF(H36-O36<0,0,H36-O36),0) -> 89.695833 | AL36: =IFERROR(IF(O36-X36<0,0,O36-X36),0) -> 0 | AM36: =MIN(X36,Z36) -> 399 | AO36: Rwanguba | AQ36: 0.66666667 | AR36: 0.875 | AS36: 0.875 | AT36: 0.28571429 | AU36: 1 | AV36: 0.57142857 | AW36: 0.64285714 | AY36: 0 | AZ36: 0.65982143
A37: Nord Kivu | B37: Goma | C37: Bambo | D37: Marangara | E37: 6986 | F37: =IFERROR(E37*3.49%,"") -> 243.8114 | G37: =IFERROR(E37*4%,"") -> 279.44 | H37: =IFERROR((F37/12)*$C$1,"") -> 203.17617 | I37: =IFERROR((G37/12)*$C$1,"") -> 232.86667 | J37: 224 | K37: 224 | L37: 191 | M37: 168 | N37: 176 | O37: 194 | P37: 168 | Q37: 176 | R37: 184 | S37: 168 | T37: 176 | U37: 196 | V37: 168 | W37: 176 | X37: 182 | Y37: 41 | Z37: 182 | AA37: 176 | AB37: 40 | AC37: 128 | AD37: 84 | AE37: 42 | AF37: 7 | AH37: =SUM(Tableau2[[#This Row],[Td 2]:[Td 5]]) -> 133 | AI37: 58.3 | AJ37: 100 | AK37: =IFERROR(IF(H37-O37<0,0,H37-O37),0) -> 9.1761667 | AL37: =IFERROR(IF(O37-X37<0,0,O37-X37),0) -> 12 | AM37: =MIN(X37,Z37) -> 182 | AO37: Vuhovi | AQ37: 0 | AR37: 0 | AS37: 0 | AT37: 0 | AY37: 0 | AZ37: 0
A38: Nord Kivu | B38: Goma | C38: Bambo | D38: Mushababwe | E38: 14728 | F38: =IFERROR(E38*3.49%,"") -> 514.0072 | G38: =IFERROR(E38*4%,"") -> 589.12 | H38: =IFERROR((F38/12)*$C$1,"") -> 428.33933 | I38: =IFERROR((G38/12)*$C$1,"") -> 490.93333 | J38: 431 | K38: 234 | L38: 365 | M38: 320 | N38: 349 | O38: 365 | P38: 320 | Q38: 349 | R38: 365 | S38: 320 | T38: 349 | U38: 365 | V38: 320 | W38: 349 | X38: 382 | Y38: 94 | Z38: 382 | AA38: 349 | AB38: 5 | AC38: 268 | AD38: 179 | AE38: 73 | AF38: 47 | AG38: 30 | AH38: =SUM(Tableau2[[#This Row],[Td 2]:[Td 5]]) -> 329 | AI38: 58.3 | AJ38: 100 | AK38: =IFERROR(IF(H38-O38<0,0,H38-O38),0) -> 63.339333 | AL38: =IFERROR(IF(O38-X38<0,0,O38-X38),0) -> 0 | AM38: =MIN(X38,Z38) -> 382 | AO38: Walikale | AQ38: 0 | AR38: 0 | AS38: 0 | AT38: 0 | AY38: 0 | AZ38: 0
A39: Nord Kivu | B39: Goma | C39: Bambo | D39: Rebero | E39: 8215 | F39: =IFERROR(E39*3.49%,"") -> 286.7035 | G39: =IFERROR(E39*4%,"") -> 328.6 | H39: =IFERROR((F39/12)*$C$1,"") -> 238.91958 | I39: =IFERROR((G39/12)*$C$1,"") -> 273.83333 | J39: 441 | K39: 383 | L39: 250 | M39: 214 | N39: 209 | O39: 250 | P39: 214 | Q39: 209 | R39: 250 | S39: 214 | T39: 209 | U39: 250 | V39: 214 | W39: 209 | X39: 298 | Y39: 93 | Z39: 298 | AA39: 223 | AB39: 117 | AC39: 93 | AD39: 55 | AE39: 48 | AF39: 28 | AG39: 27 | AH39: =SUM(Tableau2[[#This Row],[Td 2]:[Td 5]]) -> 158 | AI39: 58.3 | AJ39: 100 | AK39: =IFERROR(IF(H39-O39<0,0,H39-O39),0) -> 0 | AL39: =IFERROR(IF(O39-X39<0,0,O39-X39),0) -> 0 | AM39: =MIN(X39,Z39) -> 298
A40: Nord Kivu | B40: Goma | C40: Bambo | D40: Rushovu | E40: 13391 | F40: =IFERROR(E40*3.49%,"") -> 467.3459 | G40: =IFERROR(E40*4%,"") -> 535.64 | H40: =IFERROR((F40/12)*$C$1,"") -> 389.45492 | I40: =IFERROR((G40/12)*$C$1,"") -> 446.36667 | J40: 578 | K40: 259 | L40: 525 | M40: 459 | N40: 515 | O40: 517 | P40: 459 | Q40: 515 | R40: 516 | S40: 459 | T40: 515 | U40: 525 | V40: 459 | W40: 515 | X40: 507 | Y40: 181 | Z40: 356 | AA40: 515 | AB40: 199 | AC40: 485 | AD40: 318 | AE40: 184 | AF40: 30 | AG40: 13 | AH40: =SUM(Tableau2[[#This Row],[Td 2]:[Td 5]]) -> 545 | AI40: 58.3 | AJ40: 100 | AK40: =IFERROR(IF(H40-O40<0,0,H40-O40),0) -> 0 | AL40: =IFERROR(IF(O40-X40<0,0,O40-X40),0) -> 10 | AM40: =MIN(X40,Z40) -> 356
A41: Nord Kivu | B41: Goma | C41: Bambo | D41: Tongo | E41: 22737 | F41: =IFERROR(E41*3.49%,"") -> 793.5213 | G41: =IFERROR(E41*4%,"") -> 909.48 | H41: =IFERROR((F41/12)*$C$1,"") -> 661.26775 | I41: =IFERROR((G41/12)*$C$1,"") -> 757.9 | J41: 870 | K41: 589 | L41: 467 | M41: 430 | N41: 446 | O41: 657 | P41: 620 | Q41: 644 | R41: 657 | S41: 620 | T41: 644 | U41: 657 | V41: 620 | W41: 644 | X41: 709 | Y41: 412 | Z41: 576 | AA41: 582 | AB41: 431 | AC41: 531 | AD41: 391 | AE41: 62 | AF41: 13 | AH41: =SUM(Tableau2[[#This Row],[Td 2]:[Td 5]]) -> 466 | AI41: 58.3 | AJ41: 100 | AK41: =IFERROR(IF(H41-O41<0,0,H41-O41),0) -> 4.26775 | AL41: =IFERROR(IF(O41-X41<0,0,O41-X41),0) -> 0 | AM41: =MIN(X41,Z41) -> 576
A42: Nord Kivu | B42: Butembo | C42: Beni | D42: Boikene | E42: 5645 | F42: =IFERROR(E42*3.49%,"") -> 197.0105 | G42: =IFERROR(E42*4%,"") -> 225.8 | H42: =IFERROR((F42/12)*$C$1,"") -> 164.17542 | I42: =IFERROR((G42/12)*$C$1,"") -> 188.16667 | J42: 201 | K42: 80 | L42: 291 | M42: 313 | N42: 293 | O42: 308 | P42: 291 | Q42: 305 | R42: 299 | S42: 283 | T42: 267 | U42: 269 | V42: 222 | W42: 181 | X42: 300 | Y42: 101 | Z42: 260 | AA42: 310 | AB42: 280 | AC42: 83 | AD42: 49 | AE42: 125 | AF42: 57 | AG42: 48 | AH42: =SUM(Tableau2[[#This Row],[Td 2]:[Td 5]]) -> 279 | AI42: 33.3 | AJ42: 100 | AK42: =IFERROR(IF(H42-O42<0,0,H42-O42),0) -> 0 | AL42: =IFERROR(IF(O42-X42<0,0,O42-X42),0) -> 8 | AM42: =MIN(X42,Z42) -> 260
A43: Nord Kivu | B43: Butembo | C43: Beni | D43: Bundji | E43: 10330 | F43: =IFERROR(E43*3.49%,"") -> 360.517 | G43: =IFERROR(E43*4%,"") -> 413.2 | H43: =IFERROR((F43/12)*$C$1,"") -> 300.43083 | I43: =IFERROR((G43/12)*$C$1,"") -> 344.33333 | J43: 322 | K43: 422 | L43: 655 | M43: 718 | N43: 750 | O43: 602 | P43: 579 | Q43: 602 | R43: 602 | S43: 579 | T43: 602 | U43: 602 | V43: 579 | W43: 602 | X43: 487 | Y43: 91 | Z43: 333 | AA43: 750 | AB43: 479 | AC43: 484 | AD43: 330 | AE43: 99 | AF43: 11 | AG43: 5 | AH43: =SUM(Tableau2[[#This Row],[Td 2]:[Td 5]]) -> 445 | AI43: 33.3 | AJ43: 100 | AK43: =IFERROR(IF(H43-O43<0,0,H43-O43),0) -> 0 | AL43: =IFERROR(IF(O43-X43<0,0,O43-X43),0) -> 115 | AM43: =MIN(X43,Z43) -> 333
A44: Nord Kivu | B44: Butembo | C44: Beni | D44: Butanuka | E44: 18878 | F44: =IFERROR(E44*3.49%,"") -> 658.8422 | G44: =IFERROR(E44*4%,"") -> 755.12 | H44: =IFERROR((F44/12)*$C$1,"") -> 549.03517 | I44: =IFERROR((G44/12)*$C$1,"") -> 629.26667 | J44: 342 | K44: 455 | L44: 558 | M44: 545 | N44: 541 | O44: 448 | P44: 454 | Q44: 435 | R44: 422 | S44: 401 | T44: 396 | U44: 377 | V44: 325 | W44: 293 | X44: 550 | Y44: 342 | Z44: 439 | AA44: 480 | AB44: 489 | AC44: 399 | AD44: 285 | AE44: 266 | AF44: 143 | AG44: 58 | AH44: =SUM(Tableau2[[#This Row],[Td 2]:[Td 5]]) -> 752 | AI44: 33.3 | AJ44: 100 | AK44: =IFERROR(IF(H44-O44<0,0,H44-O44),0) -> 101.03517 | AL44: =IFERROR(IF(O44-X44<0,0,O44-X44),0) -> 0 | AM44: =MIN(X44,Z44) -> 439
A45: Nord Kivu | B45: Butembo | C45: Beni | D45: Butsili | E45: 29690 | F45: =IFERROR(E45*3.49%,"") -> 1036.181 | G45: =IFERROR(E45*4%,"") -> 1187.6 | H45: =IFERROR((F45/12)*$C$1,"") -> 863.48417 | I45: =IFERROR((G45/12)*$C$1,"") -> 989.66667 | J45: 753 | K45: 792 | L45: 1145 | M45: 1266 | N45: 1173 | O45: 1195 | P45: 2108 | Q45: 1178 | R45: 1108 | S45: 1131 | T45: 1963 | U45: 1840 | V45: 1794 | W45: 870 | X45: 997 | Y45: 280 | Z45: 870 | AA45: 1214 | AB45: 1138 | AC45: 488 | AD45: 254 | AE45: 301 | AF45: 232 | AG45: 164 | AH45: =SUM(Tableau2[[#This Row],[Td 2]:[Td 5]]) -> 951 | AI45: 33.3 | AJ45: 100 | AK45: =IFERROR(IF(H45-O45<0,0,H45-O45),0) -> 0 | AL45: =IFERROR(IF(O45-X45<0,0,O45-X45),0) -> 198 | AM45: =MIN(X45,Z45) -> 870
A46: Nord Kivu | B46: Butembo | C46: Beni | D46: Kanzulinzuli | E46: 39094 | F46: =IFERROR(E46*3.49%,"") -> 1364.3806 | G46: =IFERROR(E46*4%,"") -> 1563.76 | H46: =IFERROR((F46/12)*$C$1,"") -> 1136.9838 | I46: =IFERROR((G46/12)*$C$1,"") -> 1303.1333 | J46: 996 | K46: 253 | L46: 1210 | M46: 1167 | N46: 1161 | O46: 1081 | P46: 1043 | Q46: 2589 | R46: 913 | S46: 877 | T46: 874 | U46: 1032 | V46: 992 | W46: 989 | X46: 947 | Y46: 317 | Z46: 880 | AA46: 1068 | AB46: 883 | AC46: 604 | AD46: 524 | AE46: 363 | AF46: 295 | AG46: 221 | AH46: =SUM(Tableau2[[#This Row],[Td 2]:[Td 5]]) -> 1403 | AI46: 41.7 | AJ46: 100 | AK46: =IFERROR(IF(H46-O46<0,0,H46-O46),0) -> 55.983833 | AL46: =IFERROR(IF(O46-X46<0,0,O46-X46),0) -> 134 | AM46: =MIN(X46,Z46) -> 880
A47: Nord Kivu | B47: Butembo | C47: Beni | D47: Kasabinyole | E47: 27911 | F47: =IFERROR(E47*3.49%,"") -> 974.0939 | G47: =IFERROR(E47*4%,"") -> 1116.44 | H47: =IFERROR((F47/12)*$C$1,"") -> 811.74492 | I47: =IFERROR((G47/12)*$C$1,"") -> 930.36667 | J47: 425 | K47: 158 | L47: 842 | M47: 602 | N47: 646 | O47: 715 | P47: 630 | Q47: 654 | R47: 710 | S47: 626 | T47: 646 | U47: 626 | V47: 528 | W47: 536 | X47: 868 | Y47: 311 | Z47: 653 | AA47: 653 | AB47: 767 | AC47: 373 | AD47: 275 | AE47: 166 | AF47: 124 | AG47: 155 | AH47: =SUM(Tableau2[[#This Row],[Td 2]:[Td 5]]) -> 720 | AI47: 33.3 | AJ47: 100 | AK47: =IFERROR(IF(H47-O47<0,0,H47-O47),0) -> 96.744917 | AL47: =IFERROR(IF(O47-X47<0,0,O47-X47),0) -> 0 | AM47: =MIN(X47,Z47) -> 653
A48: Nord Kivu | B48: Butembo | C48: Beni | D48: Kasanga | E48: 45046 | F48: =IFERROR(E48*3.49%,"") -> 1572.1054 | G48: =IFERROR(E48*4%,"") -> 1801.84 | H48: =IFERROR((F48/12)*$C$1,"") -> 1310.0878 | I48: =IFERROR((G48/12)*$C$1,"") -> 1501.5333 | J48: 804 | K48: 557 | L48: 1112 | M48: 1192 | N48: 1054 | O48: 1143 | P48: 1073 | Q48: 1000 | R48: 1038 | S48: 1045 | T48: 977 | U48: 806 | V48: 860 | W48: 926 | X48: 1207 | Y48: 461 | Z48: 1159 | AA48: 1027 | AB48: 1242 | AC48: 242 | AD48: 265 | AE48: 160 | AF48: 134 | AG48: 107 | AH48: =SUM(Tableau2[[#This Row],[Td 2]:[Td 5]]) -> 666 | AI48: 33.3 | AJ48: 100 | AK48: =IFERROR(IF(H48-O48<0,0,H48-O48),0) -> 167.08783 | AL48: =IFERROR(IF(O48-X48<0,0,O48-X48),0) -> 0 | AM48: =MIN(X48,Z48) -> 1159
A49: Nord Kivu | B49: Butembo | C49: Beni | D49: Kuka | E49: 17284 | F49: =IFERROR(E49*3.49%,"") -> 603.2116 | G49: =IFERROR(E49*4%,"") -> 691.36 | H49: =IFERROR((F49/12)*$C$1,"") -> 502.67633 | I49: =IFERROR((G49/12)*$C$1,"") -> 576.13333 | J49: 249 | K49: 26 | L49: 497 | M49: 406 | N49: 333 | O49: 477 | P49: 429 | Q49: 602 | R49: 421 | S49: 290 | T49: 228 | U49: 404 | V49: 308 | W49: 227 | X49: 411 | Y49: 189 | Z49: 334 | AA49: 368 | AB49: 407 | AC49: 70 | AD49: 49 | AE49: 96 | AF49: 39 | AG49: 46 | AH49: =SUM(Tableau2[[#This Row],[Td 2]:[Td 5]]) -> 230 | AI49: 33.3 | AJ49: 100 | AK49: =IFERROR(IF(H49-O49<0,0,H49-O49),0) -> 25.676333 | AL49: =IFERROR(IF(O49-X49<0,0,O49-X49),0) -> 66 | AM49: =MIN(X49,Z49) -> 334
A50: Nord Kivu | B50: Butembo | C50: Beni | D50: Mabakanga | E50: 23020 | F50: =IFERROR(E50*3.49%,"") -> 803.398 | G50: =IFERROR(E50*4%,"") -> 920.8 | H50: =IFERROR((F50/12)*$C$1,"") -> 669.49833 | I50: =IFERROR((G50/12)*$C$1,"") -> 767.33333 | J50: 499 | K50: 584 | L50: 794 | M50: 747 | N50: 767 | O50: 668 | P50: 629 | Q50: 616 | R50: 626 | S50: 595 | T50: 605 | U50: 512 | V50: 484 | W50: 492 | X50: 760 | Y50: 202 | Z50: 645 | AA50: 712 | AB50: 638 | AC50: 650 | AD50: 570 | AE50: 732 | AF50: 689 | AG50: 643 | AH50: =SUM(Tableau2[[#This Row],[Td 2]:[Td 5]]) -> 2634 | AI50: 33.3 | AJ50: 100 | AK50: =IFERROR(IF(H50-O50<0,0,H50-O50),0) -> 1.4983333 | AL50: =IFERROR(IF(O50-X50<0,0,O50-X50),0) -> 0 | AM50: =MIN(X50,Z50) -> 645
A51: Nord Kivu | B51: Butembo | C51: Beni | D51: Mabolio | E51: 24701 | F51: =IFERROR(E51*3.49%,"") -> 862.0649 | G51: =IFERROR(E51*4%,"") -> 988.04 | H51: =IFERROR((F51/12)*$C$1,"") -> 718.38742 | I51: =IFERROR((G51/12)*$C$1,"") -> 823.36667 | J51: 748 | K51: 160 | L51: 908 | M51: 728 | N51: 753 | O51: 632 | P51: 608 | Q51: 649 | R51: 582 | S51: 538 | T51: 538 | U51: 636 | V51: 556 | W51: 523 | X51: 661 | Y51: 234 | Z51: 520 | AA51: 753 | AB51: 560 | AC51: 516 | AD51: 457 | AE51: 202 | AF51: 128 | AG51: 65 | AH51: =SUM(Tableau2[[#This Row],[Td 2]:[Td 5]]) -> 852 | AI51: 41.7 | AJ51: 100 | AK51: =IFERROR(IF(H51-O51<0,0,H51-O51),0) -> 86.387417 | AL51: =IFERROR(IF(O51-X51<0,0,O51-X51),0) -> 0 | AM51: =MIN(X51,Z51) -> 520
A52: Nord Kivu | B52: Butembo | C52: Beni | D52: Madrandele | E52: 42050 | F52: =IFERROR(E52*3.49%,"") -> 1467.545 | G52: =IFERROR(E52*4%,"") -> 1682 | H52: =IFERROR((F52/12)*$C$1,"") -> 1222.9542 | I52: =IFERROR((G52/12)*$C$1,"") -> 1401.6667 | J52: 580 | K52: 802 | L52: 1221 | M52: 1169 | N52: 1138 | O52: 1037 | P52: 998 | Q52: 955 | R52: 1001 | S52: 968 | T52: 950 | U52: 950 | V52: 894 | W52: 867 | X52: 1330 | Y52: 445 | Z52: 944 | AA52: 1206 | AB52: 938 | AC52: 267 | AD52: 162 | AE52: 256 | AF52: 174 | AG52: 174 | AH52: =SUM(Tableau2[[#This Row],[Td 2]:[Td 5]]) -> 766 | AI52: 33.3 | AJ52: 100 | AK52: =IFERROR(IF(H52-O52<0,0,H52-O52),0) -> 185.95417 | AL52: =IFERROR(IF(O52-X52<0,0,O52-X52),0) -> 0 | AM52: =MIN(X52,Z52) -> 944
A53: Nord Kivu | B53: Butembo | C53: Beni | D53: Malepe | E53: 36589 | F53: =IFERROR(E53*3.49%,"") -> 1276.9561 | G53: =IFERROR(E53*4%,"") -> 1463.56 | H53: =IFERROR((F53/12)*$C$1,"") -> 1064.1301 | I53: =IFERROR((G53/12)*$C$1,"") -> 1219.6333 | J53: 1747 | K53: 623 | L53: 1229 | M53: 2325 | N53: 2336 | O53: 1070 | P53: 984 | Q53: 991 | R53: 872 | S53: 876 | T53: 872 | U53: 942 | V53: 946 | W53: 932 | X53: 1221 | Y53: 797 | Z53: 994 | AA53: 1229 | AB53: 1221 | AC53: 380 | AD53: 294 | AE53: 351 | AF53: 319 | AG53: 269 | AH53: =SUM(Tableau2[[#This Row],[Td 2]:[Td 5]]) -> 1233 | AI53: 29.2 | AJ53: 100 | AK53: =IFERROR(IF(H53-O53<0,0,H53-O53),0) -> 0 | AL53: =IFERROR(IF(O53-X53<0,0,O53-X53),0) -> 0 | AM53: =MIN(X53,Z53) -> 994
... A63: Nord Kivu | B63: Butembo | C63: Beni | D63: Sayo | E63: 7389 | F63: =IFERROR(E63*3.49%,"") -> 257.8761 | G63: =IFERROR(E63*4%,"") -> 295.56 | H63: =IFERROR((F63/12)*$C$1,"") -> 214.89675 | I63: =IFERROR((G63/12)*$C$1,"") -> 246.3 | J63: 259 | K63: 74 | L63: 271 | M63: 234 | N63: 255 | O63: 271 | P63: 234 | Q63: 254 | R63: 209 | S63: 179 | T63: 191 | U63: 207 | V63: 179 | W63: 195 | X63: 196 | Y63: 97 | Z63: 194 | AA63: 263 | AB63: 194 | AC63: 79 | AD63: 79 | AE63: 34 | AF63: 36 | AG63: 25 | AH63: =SUM(Tableau2[[#This Row],[Td 2]:[Td 5]]) -> 174 | AI63: 33.3 | AJ63: 100 | AK63: =IFERROR(IF(H63-O63<0,0,H63-O63),0) -> 0 | AL63: =IFERROR(IF(O63-X63<0,0,O63-X63),0) -> 75 | AM63: =MIN(X63,Z63) -> 194
A64: Nord Kivu | B64: Butembo | C64: Beni | D64: Supa | E64: 2196 | F64: =IFERROR(E64*3.49%,"") -> 76.6404 | G64: =IFERROR(E64*4%,"") -> 87.84 | H64: =IFERROR((F64/12)*$C$1,"") -> 63.867 | I64: =IFERROR((G64/12)*$C$1,"") -> 73.2 | J64: 15 | L64: 39 | M64: 28 | N64: 25 | O64: 34 | P64: 25 | Q64: 22 | R64: 36 | S64: 22 | T64: 19 | U64: 34 | V64: 23 | W64: 19 | X64: 40 | Y64: 13 | Z64: 34 | AA64: 36 | AB64: 24 | AH64: =SUM(Tableau2[[#This Row],[Td 2]:[Td 5]]) -> 0 | AI64: 41.7 | AJ64: 100 | AK64: =IFERROR(IF(H64-O64<0,0,H64-O64),0) -> 29.867 | AL64: =IFERROR(IF(O64-X64<0,0,O64-X64),0) -> 0 | AM64: =MIN(X64,Z64) -> 34
A65: Nord Kivu | B65: Butembo | C65: Beni | D65: Tamende | E65: 18315 | F65: =IFERROR(E65*3.49%,"") -> 639.1935 | G65: =IFERROR(E65*4%,"") -> 732.6 | H65: =IFERROR((F65/12)*$C$1,"") -> 532.66125 | I65: =IFERROR((G65/12)*$C$1,"") -> 610.5 | J65: 579 | K65: 173 | L65: 614 | M65: 498 | N65: 559 | O65: 500 | P65: 457 | Q65: 473 | R65: 510 | S65: 464 | T65: 1178 | U65: 368 | V65: 343 | W65: 352 | X65: 525 | Y65: 250 | Z65: 491 | AA65: 559 | AB65: 407 | AC65: 173 | AD65: 150 | AE65: 124 | AF65: 73 | AG65: 57 | AH65: =SUM(Tableau2[[#This Row],[Td 2]:[Td 5]]) -> 404 | AI65: 33.3 | AJ65: 100 | AK65: =IFERROR(IF(H65-O65<0,0,H65-O65),0) -> 32.66125 | AL65: =IFERROR(IF(O65-X65<0,0,O65-X65),0) -> 0 | AM65: =MIN(X65,Z65) -> 491
A66: Nord Kivu | B66: Butembo | C66: Beni | D66: Tuungane | E66: 16040 | F66: =IFERROR(E66*3.49%,"") -> 559.796 | G66: =IFERROR(E66*4%,"") -> 641.6 | H66: =IFERROR((F66/12)*$C$1,"") -> 466.49667 | I66: =IFERROR((G66/12)*$C$1,"") -> 534.66667 | J66: 552 | K66: 256 | L66: 511 | M66: 486 | N66: 577 | O66: 480 | P66: 467 | Q66: 492 | R66: 519 | S66: 373 | T66: 1273 | U66: 439 | V66: 420 | W66: 418 | X66: 479 | Y66: 154 | Z66: 459 | AA66: 496 | AB66: 440 | AC66: 89 | AD66: 25 | AE66: 104 | AF66: 72 | AG66: 57 | AH66: =SUM(Tableau2[[#This Row],[Td 2]:[Td 5]]) -> 258 | AI66: 25 | AJ66: 100 | AK66: =IFERROR(IF(H66-O66<0,0,H66-O66),0) -> 0 | AL66: =IFERROR(IF(O66-X66<0,0,O66-X66),0) -> 1 | AM66: =MIN(X66,Z66) -> 459
A67: Nord Kivu | B67: Butembo | C67: Biena | D67: Anuarite | E67: 18281 | F67: =IFERROR(E67*3.49%,"") -> 638.0069 | G67: =IFERROR(E67*4%,"") -> 731.24 | H67: =IFERROR((F67/12)*$C$1,"") -> 531.67242 | I67: =IFERROR((G67/12)*$C$1,"") -> 609.36667 | J67: 340 | K67: 168 | L67: 482 | M67: 435 | N67: 453 | O67: 484 | P67: 425 | Q67: 448 | R67: 373 | S67: 313 | T67: 335 | U67: 408 | V67: 371 | W67: 331 | X67: 450 | Y67: 136 | Z67: 418 | AA67: 442 | AB67: 423 | AC67: 79 | AD67: 79 | AE67: 82 | AF67: 40 | AG67: 31 | AH67: =SUM(Tableau2[[#This Row],[Td 2]:[Td 5]]) -> 232 | AI67: 50 | AJ67: 100 | AK67: =IFERROR(IF(H67-O67<0,0,H67-O67),0) -> 47.672417 | AL67: =IFERROR(IF(O67-X67<0,0,O67-X67),0) -> 34 | AM67: =MIN(X67,Z67) -> 418
A68: Nord Kivu | B68: Butembo | C68: Biena | D68: Biambwe | E68: 13847 | F68: =IFERROR(E68*3.49%,"") -> 483.2603 | G68: =IFERROR(E68*4%,"") -> 553.88 | H68: =IFERROR((F68/12)*$C$1,"") -> 402.71692 | I68: =IFERROR((G68/12)*$C$1,"") -> 461.56667 | J68: 144 | K68: 116 | L68: 301 | M68: 245 | N68: 265 | O68: 266 | P68: 221 | Q68: 245 | R68: 214 | S68: 178 | T68: 160 | U68: 237 | V68: 202 | W68: 193 | X68: 284 | Y68: 62 | Z68: 249 | AA68: 245 | AB68: 230 | AC68: 99 | AD68: 62 | AE68: 83 | AF68: 43 | AG68: 35 | AH68: =SUM(Tableau2[[#This Row],[Td 2]:[Td 5]]) -> 223 | AI68: 54.2 | AJ68: 100 | AK68: =IFERROR(IF(H68-O68<0,0,H68-O68),0) -> 136.71692 | AL68: =IFERROR(IF(O68-X68<0,0,O68-X68),0) -> 0 | AM68: =MIN(X68,Z68) -> 249
A69: Nord Kivu | B69: Butembo | C69: Biena | D69: Kaheku | E69: 6508 | F69: =IFERROR(E69*3.49%,"") -> 227.1292 | G69: =IFERROR(E69*4%,"") -> 260.32 | H69: =IFERROR((F69/12)*$C$1,"") -> 189.27433 | I69: =IFERROR((G69/12)*$C$1,"") -> 216.93333 | J69: 141 | K69: 204 | L69: 222 | M69: 182 | N69: 213 | O69: 222 | P69: 182 | Q69: 213 | R69: 170 | S69: 145 | T69: 163 | U69: 197 | V69: 160 | W69: 189 | X69: 156 | Y69: 33 | Z69: 156 | AA69: 194 | AB69: 115 | AC69: 69 | AD69: 50 | AE69: 34 | AF69: 21 | AG69: 16 | AH69: =SUM(Tableau2[[#This Row],[Td 2]:[Td 5]]) -> 121 | AI69: 50 | AJ69: 100 | AK69: =IFERROR(IF(H69-O69<0,0,H69-O69),0) -> 0 | AL69: =IFERROR(IF(O69-X69<0,0,O69-X69),0) -> 66 | AM69: =MIN(X69,Z69) -> 156
A70: Nord Kivu | B70: Butembo | C70: Biena | D70: Katanga | E70: 9275 | F70: =IFERROR(E70*3.49%,"") -> 323.6975 | G70: =IFERROR(E70*4%,"") -> 371 | H70: =IFERROR((F70/12)*$C$1,"") -> 269.74792 | I70: =IFERROR((G70/12)*$C$1,"") -> 309.16667 | J70: 146 | K70: 118 | L70: 207 | M70: 194 | N70: 202 | O70: 207 | P70: 195 | Q70: 203 | R70: 207 | S70: 194 | T70: 202 | U70: 147 | V70: 146 | W70: 138 | X70: 217 | Y70: 76 | Z70: 217 | AA70: 199 | AB70: 171 | AC70: 78 | AD70: 62 | AE70: 77 | AF70: 55 | AG70: 35 | AH70: =SUM(Tableau2[[#This Row],[Td 2]:[Td 5]]) -> 229 | AI70: 50 | AJ70: 100 | AK70: =IFERROR(IF(H70-O70<0,0,H70-O70),0) -> 62.747917 | AL70: =IFERROR(IF(O70-X70<0,0,O70-X70),0) -> 0 | AM70: =MIN(X70,Z70) -> 217
A71: Nord Kivu | B71: Butembo | C71: Biena | D71: Kiragho | E71: 7880 | F71: =IFERROR(E71*3.49%,"") -> 275.012 | G71: =IFERROR(E71*4%,"") -> 315.2 | H71: =IFERROR((F71/12)*$C$1,"") -> 229.17667 | I71: =IFERROR((G71/12)*$C$1,"") -> 262.66667 | J71: 177 | K71: 73 | L71: 189 | M71: 179 | N71: 178 | O71: 242 | P71: 215 | Q71: 211 | R71: 167 | S71: 151 | T71: 146 | U71: 174 | V71: 157 | W71: 154 | X71: 259 | Y71: 44 | Z71: 259 | AA71: 178 | AB71: 191 | AC71: 123 | AD71: 66 | AE71: 74 | AF71: 22 | AG71: 11 | AH71: =SUM(Tableau2[[#This Row],[Td 2]:[Td 5]]) -> 173 | AI71: 58.3 | AJ71: 100 | AK71: =IFERROR(IF(H71-O71<0,0,H71-O71),0) -> 0 | AL71: =IFERROR(IF(O71-X71<0,0,O71-X71),0) -> 0 | AM71: =MIN(X71,Z71) -> 259
A72: Nord Kivu | B72: Butembo | C72: Biena | D72: Kirima | E72: 12175 | F72: =IFERROR(E72*3.49%,"") -> 424.9075 | G72: =IFERROR(E72*4%,"") -> 487 | H72: =IFERROR((F72/12)*$C$1,"") -> 354.08958 | I72: =IFERROR((G72/12)*$C$1,"") -> 405.83333 | J72: 207 | K72: 48 | L72: 220 | M72: 205 | N72: 213 | O72: 292 | P72: 257 | Q72: 290 | R72: 215 | S72: 185 | T72: 219 | U72: 249 | V72: 200 | W72: 227 | X72: 291 | Y72: 52 | Z72: 257 | AA72: 187 | AB72: 149 | AC72: 87 | AD72: 54 | AE72: 40 | AF72: 54 | AG72: 53 | AH72: =SUM(Tableau2[[#This Row],[Td 2]:[Td 5]]) -> 201 | AI72: 58.3 | AJ72: 100 | AK72: =IFERROR(IF(H72-O72<0,0,H72-O72),0) -> 62.089583 | AL72: =IFERROR(IF(O72-X72<0,0,O72-X72),0) -> 1 | AM72: =MIN(X72,Z72) -> 257
A73: Nord Kivu | B73: Butembo | C73: Biena | D73: Maeba | E73: 11122 | F73: =IFERROR(E73*3.49%,"") -> 388.1578 | G73: =IFERROR(E73*4%,"") -> 444.88 | H73: =IFERROR((F73/12)*$C$1,"") -> 323.46483 | I73: =IFERROR((G73/12)*$C$1,"") -> 370.73333 | J73: 85 | K73: 4 | L73: 192 | M73: 149 | N73: 120 | O73: 270 | P73: 189 | Q73: 173 | R73: 208 | S73: 153 | T73: 112 | U73: 172 | V73: 106 | W73: 115 | X73: 162 | Y73: 32 | Z73: 168 | AA73: 145 | AB73: 151 | AC73: 122 | AD73: 59 | AE73: 44 | AF73: 22 | AG73: 14 | AH73: =SUM(Tableau2[[#This Row],[Td 2]:[Td 5]]) -> 139 | AI73: 58.3 | AJ73: 100 | AK73: =IFERROR(IF(H73-O73<0,0,H73-O73),0) -> 53.464833 | AL73: =IFERROR(IF(O73-X73<0,0,O73-X73),0) -> 108 | AM73: =MIN(X73,Z73) -> 162
A74: Nord Kivu | B74: Butembo | C74: Biena | D74: Mambowa | E74: 13683 | F74: =IFERROR(E74*3.49%,"") -> 477.5367 | G74: =IFERROR(E74*4%,"") -> 547.32 | H74: =IFERROR((F74/12)*$C$1,"") -> 397.94725 | I74: =IFERROR((G74/12)*$C$1,"") -> 456.1 | J74: 433 | K74: 128 | L74: 333 | M74: 314 | N74: 280 | O74: 399 | P74: 342 | Q74: 296 | R74: 404 | S74: 305 | T74: 283 | U74: 406 | V74: 327 | W74: 320 | X74: 407 | Y74: 140 | Z74: 395 | AA74: 323 | AB74: 395 | AC74: 224 | AD74: 133 | AE74: 129 | AF74: 84 | AG74: 71 | AH74: =SUM(Tableau2[[#This Row],[Td 2]:[Td 5]]) -> 417 | AI74: 50 | AJ74: 100 | AK74: =IFERROR(IF(H74-O74<0,0,H74-O74),0) -> 0 | AL74: =IFERROR(IF(O74-X74<0,0,O74-X74),0) -> 0 | AM74: =MIN(X74,Z74) -> 395
A75: Nord Kivu | B75: Butembo | C75: Biena | D75: Mandelya | E75: 8939 | F75: =IFERROR(E75*3.49%,"") -> 311.9711 | G75: =IFERROR(E75*4%,"") -> 357.56 | H75: =IFERROR((F75/12)*$C$1,"") -> 259.97592 | I75: =IFERROR((G75/12)*$C$1,"") -> 297.96667 | J75: 96 | K75: 84 | L75: 185 | M75: 251 | N75: 144 | O75: 177 | P75: 178 | Q75: 143 | R75: 222 | S75: 117 | T75: 44 | U75: 222 | V75: 119 | W75: 45 | X75: 236 | Y75: 52 | Z75: 224 | AA75: 220 | AB75: 124 | AC75: 40 | AD75: 27 | AE75: 42 | AF75: 20 | AG75: 12 | AH75: =SUM(Tableau2[[#This Row],[Td 2]:[Td 5]]) -> 101 | AI75: 50 | AJ75: 100 | AK75: =IFERROR(IF(H75-O75<0,0,H75-O75),0) -> 82.975917 | AL75: =IFERROR(IF(O75-X75<0,0,O75-X75),0) -> 0 | AM75: =MIN(X75,Z75) -> 224
A76: Nord Kivu | B76: Butembo | C76: Biena | D76: Masayi | E76: 6455 | F76: =IFERROR(E76*3.49%,"") -> 225.2795 | G76: =IFERROR(E76*4%,"") -> 258.2 | H76: =IFERROR((F76/12)*$C$1,"") -> 187.73292 | I76: =IFERROR((G76/12)*$C$1,"") -> 215.16667 | J76: 43 | K76: 7 | L76: 130 | M76: 137 | N76: 115 | O76: 119 | P76: 117 | Q76: 98 | R76: 70 | S76: 77 | T76: 44 | U76: 99 | V76: 84 | W76: 86 | X76: 110 | Y76: 18 | Z76: 75 | AA76: 106 | AB76: 70 | AC76: 31 | AD76: 42 | AE76: 21 | AF76: 24 | AG76: 9 | AH76: =SUM(Tableau2[[#This Row],[Td 2]:[Td 5]]) -> 96 | AI76: 58.3 | AJ76: 100 | AK76: =IFERROR(IF(H76-O76<0,0,H76-O76),0) -> 68.732917 | AL76: =IFERROR(IF(O76-X76<0,0,O76-X76),0) -> 9 | AM76: =MIN(X76,Z76) -> 75
... A105: Nord Kivu | B105: Goma | C105: Birambizo | D105: Kizimba | E105: 10277 | F105: =IFERROR(E105*3.49%,"") -> 358.6673 | G105: =IFERROR(E105*4%,"") -> 411.08 | H105: =IFERROR((F105/12)*$C$1,"") -> 298.88942 | I105: =IFERROR((G105/12)*$C$1,"") -> 342.56667 | J105: 318 | K105: 318 | L105: 296 | M105: 291 | N105: 290 | O105: 296 | P105: 291 | Q105: 290 | R105: 296 | S105: 291 | T105: 290 | U105: 296 | V105: 291 | W105: 290 | X105: 485 | Y105: 230 | Z105: 435 | AA105: 290 | AB105: 435 | AC105: 214 | AD105: 128 | AE105: 95 | AF105: 64 | AG105: 50 | AH105: =SUM(Tableau2[[#This Row],[Td 2]:[Td 5]]) -> 337 | AI105: 58.3 | AJ105: 100 | AK105: =IFERROR(IF(H105-O105<0,0,H105-O105),0) -> 2.8894167 | AL105: =IFERROR(IF(O105-X105<0,0,O105-X105),0) -> 0 | AM105: =MIN(X105,Z105) -> 435
A106: Nord Kivu | B106: Goma | C106: Birambizo | D106: Luya | E106: 13906 | F106: =IFERROR(E106*3.49%,"") -> 485.3194 | G106: =IFERROR(E106*4%,"") -> 556.24 | H106: =IFERROR((F106/12)*$C$1,"") -> 404.43283 | I106: =IFERROR((G106/12)*$C$1,"") -> 463.53333 | J106: 527 | K106: 345 | L106: 439 | M106: 327 | N106: 404 | O106: 439 | P106: 327 | Q106: 399 | R106: 439 | S106: 327 | T106: 404 | U106: 442 | V106: 329 | W106: 403 | X106: 407 | Y106: 292 | Z106: 406 | AA106: 404 | AB106: 328 | AC106: 340 | AD106: 234 | AE106: 91 | AF106: 11 | AH106: =SUM(Tableau2[[#This Row],[Td 2]:[Td 5]]) -> 336 | AI106: 58.3 | AJ106: 100 | AK106: =IFERROR(IF(H106-O106<0,0,H106-O106),0) -> 0 | AL106: =IFERROR(IF(O106-X106<0,0,O106-X106),0) -> 32 | AM106: =MIN(X106,Z106) -> 406
A107: Nord Kivu | B107: Goma | C107: Birambizo | D107: Mulimbi | E107: 16689 | F107: =IFERROR(E107*3.49%,"") -> 582.4461 | G107: =IFERROR(E107*4%,"") -> 667.56 | H107: =IFERROR((F107/12)*$C$1,"") -> 485.37175 | I107: =IFERROR((G107/12)*$C$1,"") -> 556.3 | J107: 538 | K107: 538 | L107: 502 | M107: 475 | N107: 484 | O107: 502 | P107: 472 | Q107: 484 | R107: 502 | S107: 475 | T107: 484 | U107: 502 | V107: 475 | W107: 484 | X107: 436 | Y107: 334 | Z107: 471 | AA107: 484 | AB107: 471 | AC107: 431 | AD107: 259 | AE107: 138 | AF107: 50 | AG107: 30 | AH107: =SUM(Tableau2[[#This Row],[Td 2]:[Td 5]]) -> 477 | AI107: 58.3 | AJ107: 100 | AK107: =IFERROR(IF(H107-O107<0,0,H107-O107),0) -> 0 | AL107: =IFERROR(IF(O107-X107<0,0,O107-X107),0) -> 66 | AM107: =MIN(X107,Z107) -> 436
A108: Nord Kivu | B108: Goma | C108: Birambizo | D108: Mushebere | E108: 12465 | F108: =IFERROR(E108*3.49%,"") -> 435.0285 | G108: =IFERROR(E108*4%,"") -> 498.6 | H108: =IFERROR((F108/12)*$C$1,"") -> 362.52375 | I108: =IFERROR((G108/12)*$C$1,"") -> 415.5 | J108: 344 | K108: 287 | L108: 342 | M108: 312 | N108: 287 | O108: 342 | P108: 312 | Q108: 287 | R108: 342 | S108: 312 | T108: 287 | U108: 338 | V108: 312 | W108: 285 | X108: 297 | Y108: 230 | Z108: 261 | AA108: 285 | AB108: 234 | AC108: 129 | AD108: 76 | AE108: 58 | AF108: 29 | AG108: 13 | AH108: =SUM(Tableau2[[#This Row],[Td 2]:[Td 5]]) -> 176 | AI108: 58.3 | AJ108: 100 | AK108: =IFERROR(IF(H108-O108<0,0,H108-O108),0) -> 20.52375 | AL108: =IFERROR(IF(O108-X108<0,0,O108-X108),0) -> 45 | AM108: =MIN(X108,Z108) -> 261
A109: Nord Kivu | B109: Goma | C109: Birambizo | D109: Ngogholo | E109: 17605 | F109: =IFERROR(E109*3.49%,"") -> 614.4145 | G109: =IFERROR(E109*4%,"") -> 704.2 | H109: =IFERROR((F109/12)*$C$1,"") -> 512.01208 | I109: =IFERROR((G109/12)*$C$1,"") -> 586.83333 | J109: 524 | K109: 462 | L109: 546 | M109: 488 | N109: 514 | O109: 546 | P109: 498 | Q109: 514 | R109: 546 | S109: 496 | T109: 514 | U109: 546 | V109: 488 | W109: 514 | X109: 411 | Y109: 141 | Z109: 429 | AA109: 516 | AB109: 197 | AC109: 384 | AD109: 181 | AE109: 91 | AF109: 27 | AG109: 7 | AH109: =SUM(Tableau2[[#This Row],[Td 2]:[Td 5]]) -> 306 | AI109: 58.3 | AJ109: 100 | AK109: =IFERROR(IF(H109-O109<0,0,H109-O109),0) -> 0 | AL109: =IFERROR(IF(O109-X109<0,0,O109-X109),0) -> 135 | AM109: =MIN(X109,Z109) -> 411
A110: Nord Kivu | B110: Goma | C110: Birambizo | D110: Rusekera | E110: 14384 | F110: =IFERROR(E110*3.49%,"") -> 502.0016 | G110: =IFERROR(E110*4%,"") -> 575.36 | H110: =IFERROR((F110/12)*$C$1,"") -> 418.33467 | I110: =IFERROR((G110/12)*$C$1,"") -> 479.46667 | J110: 457 | K110: 474 | L110: 417 | M110: 380 | N110: 384 | O110: 417 | P110: 380 | Q110: 384 | R110: 417 | S110: 380 | T110: 384 | U110: 417 | V110: 380 | W110: 384 | X110: 400 | Y110: 228 | Z110: 410 | AA110: 378 | AB110: 400 | AC110: 126 | AD110: 64 | AE110: 37 | AF110: 31 | AG110: 28 | AH110: =SUM(Tableau2[[#This Row],[Td 2]:[Td 5]]) -> 160 | AI110: 58.3 | AJ110: 100 | AK110: =IFERROR(IF(H110-O110<0,0,H110-O110),0) -> 1.3346667 | AL110: =IFERROR(IF(O110-X110<0,0,O110-X110),0) -> 17 | AM110: =MIN(X110,Z110) -> 400
A111: Nord Kivu | B111: Goma | C111: Birambizo | D111: Rwindi | E111: 12845 | F111: =IFERROR(E111*3.49%,"") -> 448.2905 | G111: =IFERROR(E111*4%,"") -> 513.8 | H111: =IFERROR((F111/12)*$C$1,"") -> 373.57542 | I111: =IFERROR((G111/12)*$C$1,"") -> 428.16667 | J111: 316 | K111: 316 | L111: 534 | M111: 433 | N111: 428 | O111: 534 | P111: 433 | Q111: 428 | R111: 534 | S111: 433 | T111: 428 | U111: 534 | V111: 433 | W111: 428 | X111: 469 | Y111: 319 | Z111: 461 | AA111: 434 | AB111: 407 | AC111: 264 | AD111: 217 | AE111: 145 | AF111: 26 | AG111: 2 | AH111: =SUM(Tableau2[[#This Row],[Td 2]:[Td 5]]) -> 390 | AI111: 58.3 | AJ111: 100 | AK111: =IFERROR(IF(H111-O111<0,0,H111-O111),0) -> 0 | AL111: =IFERROR(IF(O111-X111<0,0,O111-X111),0) -> 65 | AM111: =MIN(X111,Z111) -> 461
A112: Nord Kivu | B112: Butembo | C112: Butembo | D112: Katsya | E112: 22568 | F112: =IFERROR(E112*3.49%,"") -> 787.6232 | G112: =IFERROR(E112*4%,"") -> 902.72 | H112: =IFERROR((F112/12)*$C$1,"") -> 656.35267 | I112: =IFERROR((G112/12)*$C$1,"") -> 752.26667 | J112: 490 | K112: 85 | L112: 598 | M112: 540 | N112: 565 | O112: 533 | P112: 484 | Q112: 506 | R112: 533 | S112: 484 | T112: 506 | U112: 528 | V112: 480 | W112: 507 | X112: 529 | Y112: 44 | Z112: 529 | AA112: 575 | AB112: 529 | AC112: 62 | AD112: 33 | AE112: 26 | AF112: 19 | AG112: 13 | AH112: =SUM(Tableau2[[#This Row],[Td 2]:[Td 5]]) -> 91 | AI112: 58.3 | AJ112: 100 | AK112: =IFERROR(IF(H112-O112<0,0,H112-O112),0) -> 123.35267 | AL112: =IFERROR(IF(O112-X112<0,0,O112-X112),0) -> 4 | AM112: =MIN(X112,Z112) -> 529
A113: Nord Kivu | B113: Butembo | C113: Butembo | D113: Kyangike | E113: 16032 | F113: =IFERROR(E113*3.49%,"") -> 559.5168 | G113: =IFERROR(E113*4%,"") -> 641.28 | H113: =IFERROR((F113/12)*$C$1,"") -> 466.264 | I113: =IFERROR((G113/12)*$C$1,"") -> 534.4 | J113: 411 | K113: 52 | L113: 409 | M113: 404 | N113: 379 | O113: 444 | P113: 404 | Q113: 391 | R113: 442 | S113: 403 | T113: 325 | U113: 283 | V113: 273 | W113: 259 | X113: 456 | Y113: 50 | Z113: 319 | AA113: 376 | AB113: 378 | AC113: 687 | AD113: 424 | AE113: 79 | AF113: 16 | AG113: 13 | AH113: =SUM(Tableau2[[#This Row],[Td 2]:[Td 5]]) -> 532 | AI113: 50 | AJ113: 100 | AK113: =IFERROR(IF(H113-O113<0,0,H113-O113),0) -> 22.264 | AL113: =IFERROR(IF(O113-X113<0,0,O113-X113),0) -> 0 | AM113: =MIN(X113,Z113) -> 319
A114: Nord Kivu | B114: Butembo | C114: Butembo | D114: Makasi | E114: 12822 | F114: =IFERROR(E114*3.49%,"") -> 447.4878 | G114: =IFERROR(E114*4%,"") -> 512.88 | H114: =IFERROR((F114/12)*$C$1,"") -> 372.9065 | I114: =IFERROR((G114/12)*$C$1,"") -> 427.4 | J114: 645 | K114: 348 | L114: 315 | M114: 286 | N114: 271 | O114: 330 | P114: 295 | Q114: 283 | R114: 323 | S114: 301 | T114: 274 | U114: 340 | V114: 302 | W114: 305 | X114: 304 | Y114: 56 | Z114: 277 | AA114: 284 | AB114: 304 | AC114: 806 | AD114: 656 | AE114: 371 | AF114: 288 | AG114: 209 | AH114: =SUM(Tableau2[[#This Row],[Td 2]:[Td 5]]) -> 1524 | AI114: 58.3 | AJ114: 100 | AK114: =IFERROR(IF(H114-O114<0,0,H114-O114),0) -> 42.9065 | AL114: =IFERROR(IF(O114-X114<0,0,O114-X114),0) -> 26 | AM114: =MIN(X114,Z114) -> 277
A115: Nord Kivu | B115: Butembo | C115: Butembo | D115: Malende | E115: 10516 | F115: =IFERROR(E115*3.49%,"") -> 367.0084 | G115: =IFERROR(E115*4%,"") -> 420.64 | H115: =IFERROR((F115/12)*$C$1,"") -> 305.84033 | I115: =IFERROR((G115/12)*$C$1,"") -> 350.53333 | J115: 250 | K115: 84 | L115: 299 | M115: 272 | N115: 299 | O115: 235 | P115: 231 | Q115: 261 | R115: 282 | S115: 238 | T115: 262 | U115: 315 | V115: 254 | W115: 198 | X115: 320 | Y115: 3 | Z115: 296 | AA115: 293 | AB115: 318 | AC115: 138 | AD115: 112 | AE115: 103 | AF115: 93 | AG115: 56 | AH115: =SUM(Tableau2[[#This Row],[Td 2]:[Td 5]]) -> 364 | AI115: 50 | AJ115: 100 | AK115: =IFERROR(IF(H115-O115<0,0,H115-O115),0) -> 70.840333 | AL115: =IFERROR(IF(O115-X115<0,0,O115-X115),0) -> 0 | AM115: =MIN(X115,Z115) -> 296
A116: Nord Kivu | B116: Butembo | C116: Butembo | D116: Mama Musayi | E116: 15729 | F116: =IFERROR(E116*3.49%,"") -> 548.9421 | G116: =IFERROR(E116*4%,"") -> 629.16 | H116: =IFERROR((F116/12)*$C$1,"") -> 457.45175 | I116: =IFERROR((G116/12)*$C$1,"") -> 524.3 | J116: 328 | K116: 40 | L116: 272 | M116: 307 | N116: 371 | O116: 323 | P116: 317 | Q116: 330 | R116: 362 | S116: 353 | T116: 370 | U116: 335 | V116: 326 | W116: 345 | X116: 357 | Y116: 108 | Z116: 357 | AA116: 370 | AB116: 193 | AC116: 118 | AD116: 60 | AE116: 15 | AF116: 8 | AG116: 1 | AH116: =SUM(Tableau2[[#This Row],[Td 2]:[Td 5]]) -> 84 | AI116: 58.3 | AJ116: 100 | AK116: =IFERROR(IF(H116-O116<0,0,H116-O116),0) -> 134.45175 | AL116: =IFERROR(IF(O116-X116<0,0,O116-X116),0) -> 0 | AM116: =MIN(X116,Z116) -> 357
A117: Nord Kivu | B117: Butembo | C117: Butembo | D117: Matanda | E117: 14776 | F117: =IFERROR(E117*3.49%,"") -> 515.6824 | G117: =IFERROR(E117*4%,"") -> 591.04 | H117: =IFERROR((F117/12)*$C$1,"") -> 429.73533 | I117: =IFERROR((G117/12)*$C$1,"") -> 492.53333 | J117: 164 | K117: 53 | L117: 360 | M117: 354 | N117: 320 | O117: 316 | P117: 303 | Q117: 296 | R117: 328 | S117: 306 | T117: 289 | U117: 327 | V117: 316 | W117: 287 | X117: 354 | Y117: 45 | Z117: 335 | AA117: 313 | AB117: 354 | AC117: 48 | AD117: 39 | AE117: 37 | AF117: 30 | AG117: 18 | AH117: =SUM(Tableau2[[#This Row],[Td 2]:[Td 5]]) -> 124 | AI117: 58.3 | AJ117: 100 | AK117: =IFERROR(IF(H117-O117<0,0,H117-O117),0) -> 113.73533 | AL117: =IFERROR(IF(O117-X117<0,0,O117-X117),0) -> 0 | AM117: =MIN(X117,Z117) -> 335
A118: Nord Kivu | B118: Butembo | C118: Butembo | D118: Mondo | E118: 18987 | F118: =IFERROR(E118*3.49%,"") -> 662.6463 | G118: =IFERROR(E118*4%,"") -> 759.48 | H118: =IFERROR((F118/12)*$C$1,"") -> 552.20525 | I118: =IFERROR((G118/12)*$C$1,"") -> 632.9 | J118: 546 | K118: 154 | L118: 519 | M118: 490 | N118: 507 | O118: 488 | P118: 405 | Q118: 422 | R118: 445 | S118: 423 | T118: 438 | U118: 448 | V118: 423 | W118: 438 | X118: 530 | Y118: 143 | Z118: 482 | AA118: 511 | AB118: 587 | AC118: 124 | AD118: 91 | AE118: 186 | AF118: 43 | AG118: 19 | AH118: =SUM(Tableau2[[#This Row],[Td 2]:[Td 5]]) -> 339 | AI118: 58.3 | AJ118: 100 | AK118: =IFERROR(IF(H118-O118<0,0,H118-O118),0) -> 64.20525 | AL118: =IFERROR(IF(O118-X118<0,0,O118-X118),0) -> 0 | AM118: =MIN(X118,Z118) -> 482
A119: Nord Kivu | B119: Butembo | C119: Butembo | D119: Munzambaye | E119: 23425 | F119: =IFERROR(E119*3.49%,"") -> 817.5325 | G119: =IFERROR(E119*4%,"") -> 937 | H119: =IFERROR((F119/12)*$C$1,"") -> 681.27708 | I119: =IFERROR((G119/12)*$C$1,"") -> 780.83333 | J119: 451 | K119: 194 | L119: 614 | M119: 464 | N119: 560 | O119: 549 | P119: 410 | Q119: 505 | R119: 566 | S119: 411 | T119: 496 | U119: 531 | V119: 360 | W119: 409 | X119: 582 | Y119: 56 | Z119: 503 | AA119: 557 | AB119: 582 | AC119: 57 | AD119: 25 | AE119: 31 | AF119: 15 | AG119: 18 | AH119: =SUM(Tableau2[[#This Row],[Td 2]:[Td 5]]) -> 89 | AI119: 58.3 | AJ119: 100 | AK119: =IFERROR(IF(H119-O119<0,0,H119-O119),0) -> 132.27708 | AL119: =IFERROR(IF(O119-X119<0,0,O119-X119),0) -> 0 | AM119: =MIN(X119,Z119) -> 503
A120: Nord Kivu | B120: Butembo | C120: Butembo | D120: Ngengere | E120: 11463 | F120: =IFERROR(E120*3.49%,"") -> 400.0587 | G120: =IFERROR(E120*4%,"") -> 458.52 | H120: =IFERROR((F120/12)*$C$1,"") -> 333.38225 | I120: =IFERROR((G120/12)*$C$1,"") -> 382.1 | J120: 383 | K120: 34 | L120: 461 | M120: 442 | N120: 398 | O120: 447 | P120: 432 | Q120: 390 | R120: 454 | S120: 435 | T120: 390 | U120: 434 | V120: 420 | W120: 371 | X120: 396 | Y120: 37 | Z120: 396 | AA120: 398 | AB120: 365 | AC120: 63 | AD120: 20 | AE120: 1 | AF120: 1 | AH120: =SUM(Tableau2[[#This Row],[Td 2]:[Td 5]]) -> 22 | AI120: 58.3 | AJ120: 100 | AK120: =IFERROR(IF(H120-O120<0,0,H120-O120),0) -> 0 | AL120: =IFERROR(IF(O120-X120<0,0,O120-X120),0) -> 51 | AM120: =MIN(X120,Z120) -> 396
A121: Nord Kivu | B121: Butembo | C121: Butembo | D121: Vulamba | E121: 18173 | F121: =IFERROR(E121*3.49%,"") -> 634.2377 | G121: =IFERROR(E121*4%,"") -> 726.92 | H121: =IFERROR((F121/12)*$C$1,"") -> 528.53142 | I121: =IFERROR((G121/12)*$C$1,"") -> 605.76667 | J121: 482 | L121: 491 | M121: 422 | N121: 465 | O121: 502 | P121: 354 | Q121: 380 | R121: 481 | S121: 382 | T121: 413 | U121: 514 | V121: 349 | W121: 371 | X121: 441 | Y121: 56 | Z121: 441 | AA121: 465 | AB121: 411 | AC121: 124 | AD121: 59 | AE121: 9 | AF121: 1 | AG121: 1 | AH121: =SUM(Tableau2[[#This Row],[Td 2]:[Td 5]]) -> 70 | AI121: 58.3 | AJ121: 100 | AK121: =IFERROR(IF(H121-O121<0,0,H121-O121),0) -> 26.531417 | AL121: =IFERROR(IF(O121-X121<0,0,O121-X121),0) -> 61 | AM121: =MIN(X121,Z121) -> 441
A122: Nord Kivu | B122: Butembo | C122: Butembo | D122: Vulindi | E122: 17670 | F122: =IFERROR(E122*3.49%,"") -> 616.683 | G122: =IFERROR(E122*4%,"") -> 706.8 | H122: =IFERROR((F122/12)*$C$1,"") -> 513.9025 | I122: =IFERROR((G122/12)*$C$1,"") -> 589 | J122: 582 | K122: 138 | L122: 598 | M122: 546 | N122: 569 | O122: 546 | P122: 492 | Q122: 512 | R122: 591 | S122: 541 | T122: 562 | U122: 517 | V122: 468 | W122: 489 | X122: 537 | Y122: 158 | Z122: 442 | AA122: 619 | AB122: 468 | AC122: 155 | AD122: 113 | AE122: 80 | AF122: 61 | AG122: 56 | AH122: =SUM(Tableau2[[#This Row],[Td 2]:[Td 5]]) -> 310 | AI122: 58.3 | AJ122: 100 | AK122: =IFERROR(IF(H122-O122<0,0,H122-O122),0) -> 0 | AL122: =IFERROR(IF(O122-X122<0,0,O122-X122),0) -> 9 | AM122: =MIN(X122,Z122) -> 442
A123: Nord Kivu | B123: Butembo | C123: Butembo | D123: Vusenzera | F123: =IFERROR(E123*3.49%,"") | G123: =IFERROR(E123*4%,"") | H123: =IFERROR((F123/12)*$C$1,"") | I123: =IFERROR((G123/12)*$C$1,"") | AC123: 257 | AD123: 158 | AE123: 17 | AF123: 6 | AG123: 15 | AH123: =SUM(Tableau2[[#This Row],[Td 2]:[Td 5]]) -> 196 | AJ123: 100 | AK123: =IFERROR(IF(H123-O123<0,0,H123-O123),0) -> 0 | AL123: =IFERROR(IF(O123-X123<0,0,O123-X123),0) -> 0 | AM123: =MIN(X123,Z123) -> 0
A124: Nord Kivu | B124: Butembo | C124: Butembo | D124: Vutetse | E124: 29565 | F124: =IFERROR(E124*3.49%,"") -> 1031.8185 | G124: =IFERROR(E124*4%,"") -> 1182.6 | H124: =IFERROR((F124/12)*$C$1,"") -> 859.84875 | I124: =IFERROR((G124/12)*$C$1,"") -> 985.5 | J124: 507 | K124: 54 | L124: 797 | M124: 756 | N124: 791 | O124: 621 | P124: 584 | Q124: 612 | R124: 621 | S124: 583 | T124: 599 | U124: 634 | V124: 1356 | W124: 593 | X124: 819 | Y124: 87 | Z124: 621 | AA124: 777 | AB124: 763 | AC124: 55 | AD124: 30 | AE124: 43 | AF124: 22 | AG124: 11 | AH124: =SUM(Tableau2[[#This Row],[Td 2]:[Td 5]]) -> 106 | AI124: 58.3 | AJ124: 100 | AK124: =IFERROR(IF(H124-O124<0,0,H124-O124),0) -> 238.84875 | AL124: =IFERROR(IF(O124-X124<0,0,O124-X124),0) -> 0 | AM124: =MIN(X124,Z124) -> 621
A125: Nord Kivu | B125: Butembo | C125: Butembo | D125: Vutike | E125: 17882 | F125: =IFERROR(E125*3.49%,"") -> 624.0818 | G125: =IFERROR(E125*4%,"") -> 715.28 | H125: =IFERROR((F125/12)*$C$1,"") -> 520.06817 | I125: =IFERROR((G125/12)*$C$1,"") -> 596.06667 | J125: 493 | K125: 44 | L125: 352 | M125: 280 | N125: 338 | O125: 519 | P125: 465 | Q125: 441 | R125: 523 | S125: 467 | T125: 452 | U125: 525 | V125: 456 | W125: 422 | X125: 438 | Y125: 84 | Z125: 421 | AA125: 447 | AB125: 429 | AC125: 288 | AD125: 99 | AE125: 70 | AF125: 41 | AG125: 29 | AH125: =SUM(Tableau2[[#This Row],[Td 2]:[Td 5]]) -> 239 | AI125: 58.3 | AJ125: 100 | AK125: =IFERROR(IF(H125-O125<0,0,H125-O125),0) -> 1.0681667 | AL125: =IFERROR(IF(O125-X125<0,0,O125-X125),0) -> 81 | AM125: =MIN(X125,Z125) -> 421
A126: Nord Kivu | B126: Butembo | C126: Butembo | D126: Vutsundo | E126: 22480 | F126: =IFERROR(E126*3.49%,"") -> 784.552 | G126: =IFERROR(E126*4%,"") -> 899.2 | H126: =IFERROR((F126/12)*$C$1,"") -> 653.79333 | I126: =IFERROR((G126/12)*$C$1,"") -> 749.33333 | J126: 272 | K126: 33 | L126: 397 | M126: 365 | N126: 375 | O126: 373 | P126: 343 | Q126: 348 | R126: 388 | S126: 361 | T126: 372 | U126: 350 | V126: 320 | W126: 321 | X126: 359 | Y126: 30 | Z126: 359 | AA126: 375 | AB126: 349 | AC126: 14 | AD126: 7 | AE126: 5 | AF126: 3 | AG126: 5 | AH126: =SUM(Tableau2[[#This Row],[Td 2]:[Td 5]]) -> 20 | AI126: 58.3 | AJ126: 100 | AK126: =IFERROR(IF(H126-O126<0,0,H126-O126),0) -> 280.79333 | AL126: =IFERROR(IF(O126-X126<0,0,O126-X126),0) -> 14 | AM126: =MIN(X126,Z126) -> 359
A127: Nord Kivu | B127: Butembo | C127: Butembo | D127: Vuvatsi | E127: 16442 | F127: =IFERROR(E127*3.49%,"") -> 573.8258 | G127: =IFERROR(E127*4%,"") -> 657.68 | H127: =IFERROR((F127/12)*$C$1,"") -> 478.18817 | I127: =IFERROR((G127/12)*$C$1,"") -> 548.06667 | J127: 540 | K127: 99 | L127: 499 | M127: 438 | N127: 464 | O127: 495 | P127: 415 | Q127: 420 | R127: 482 | S127: 418 | T127: 416 | U127: 532 | V127: 420 | W127: 369 | X127: 485 | Y127: 104 | Z127: 415 | AA127: 500 | AB127: 485 | AC127: 87 | AD127: 65 | AE127: 69 | AF127: 46 | AG127: 27 | AH127: =SUM(Tableau2[[#This Row],[Td 2]:[Td 5]]) -> 207 | AI127: 58.3 | AJ127: 100 | AK127: =IFERROR(IF(H127-O127<0,0,H127-O127),0) -> 0 | AL127: =IFERROR(IF(O127-X127<0,0,O127-X127),0) -> 10 | AM127: =MIN(X127,Z127) -> 415
A128: Nord Kivu | B128: Goma | C128: Goma | D128: Buhimba | E128: 20039 | F128: =IFERROR(E128*3.49%,"") -> 699.3611 | G128: =IFERROR(E128*4%,"") -> 801.56 | H128: =IFERROR((F128/12)*$C$1,"") -> 582.80092 | I128: =IFERROR((G128/12)*$C$1,"") -> 667.96667 | J128: 5789 | K128: 1548 | L128: 4302 | M128: 3684 | N128: 3660 | O128: 4302 | P128: 3697 | Q128: 3690 | R128: 4302 | S128: 3691 | T128: 3690 | U128: 4241 | V128: 3639 | W128: 3639 | X128: 3463 | Y128: 2232 | Z128: 3429 | AA128: 3607 | AB128: 2492 | AC128: 1296 | AD128: 920 | AE128: 730 | AF128: 587 | AG128: 514 | AH128: =SUM(Tableau2[[#This Row],[Td 2]:[Td 5]]) -> 2751 | AI128: 58.3 | AJ128: 100 | AK128: =IFERROR(IF(H128-O128<0,0,H128-O128),0) -> 0 | AL128: =IFERROR(IF(O128-X128<0,0,O128-X128),0) -> 839 | AM128: =MIN(X128,Z128) -> 3429
A129: Nord Kivu | B129: Goma | C129: Goma | D129: CASOP | E129: 11725 | F129: =IFERROR(E129*3.49%,"") -> 409.2025 | G129: =IFERROR(E129*4%,"") -> 469 | H129: =IFERROR((F129/12)*$C$1,"") -> 341.00208 | I129: =IFERROR((G129/12)*$C$1,"") -> 390.83333 | J129: 337 | K129: 99 | L129: 379 | M129: 98 | N129: 370 | O129: 325 | P129: 98 | Q129: 370 | R129: 379 | S129: 98 | T129: 370 | U129: 379 | V129: 98 | W129: 366 | X129: 334 | Y129: 128 | Z129: 334 | AA129: 377 | AB129: 327 | AC129: 81 | AD129: 54 | AE129: 56 | AF129: 48 | AG129: 58 | AH129: =SUM(Tableau2[[#This Row],[Td 2]:[Td 5]]) -> 216 | AI129: 58.3 | AJ129: 100 | AK129: =IFERROR(IF(H129-O129<0,0,H129-O129),0) -> 16.002083 | AL129: =IFERROR(IF(O129-X129<0,0,O129-X129),0) -> 0 | AM129: =MIN(X129,Z129) -> 334
A130: Nord Kivu | B130: Goma | C130: Goma | D130: CCLK | E130: 49578 | F130: =IFERROR(E130*3.49%,"") -> 1730.2722 | G130: =IFERROR(E130*4%,"") -> 1983.12 | H130: =IFERROR((F130/12)*$C$1,"") -> 1441.8935 | I130: =IFERROR((G130/12)*$C$1,"") -> 1652.6 | J130: 2703 | K130: 497 | L130: 2739 | M130: 2667 | N130: 2552 | O130: 2739 | P130: 2664 | Q130: 2552 | R130: 2737 | S130: 2667 | T130: 2552 | U130: 2739 | V130: 2667 | W130: 2552 | X130: 1824 | Y130: 104 | Z130: 1816 | AA130: 2552 | AB130: 1752 | AC130: 534 | AD130: 473 | AE130: 378 | AF130: 314 | AG130: 284 | AH130: =SUM(Tableau2[[#This Row],[Td 2]:[Td 5]]) -> 1449 | AI130: 54.2 | AJ130: 100 | AK130: =IFERROR(IF(H130-O130<0,0,H130-O130),0) -> 0 | AL130: =IFERROR(IF(O130-X130<0,0,O130-X130),0) -> 915 | AM130: =MIN(X130,Z130) -> 1816
A131: Nord Kivu | B131: Goma | C131: Goma | D131: Carmel | E131: 28155 | F131: =IFERROR(E131*3.49%,"") -> 982.6095 | G131: =IFERROR(E131*4%,"") -> 1126.2 | H131: =IFERROR((F131/12)*$C$1,"") -> 818.84125 | I131: =IFERROR((G131/12)*$C$1,"") -> 938.5 | J131: 863 | K131: 809 | L131: 891 | M131: 856 | N131: 838 | O131: 890 | P131: 856 | Q131: 838 | R131: 886 | S131: 856 | T131: 838 | U131: 891 | V131: 853 | W131: 838 | X131: 826 | Y131: 454 | Z131: 832 | AA131: 843 | AB131: 831 | AC131: 225 | AD131: 164 | AE131: 151 | AF131: 130 | AG131: 108 | AH131: =SUM(Tableau2[[#This Row],[Td 2]:[Td 5]]) -> 553 | AI131: 50 | AJ131: 100 | AK131: =IFERROR(IF(H131-O131<0,0,H131-O131),0) -> 0 | AL131: =IFERROR(IF(O131-X131<0,0,O131-X131),0) -> 64 | AM131: =MIN(X131,Z131) -> 826
A132: Nord Kivu | B132: Goma | C132: Goma | D132: Heal Africa | E132: 18133 | F132: =IFERROR(E132*3.49%,"") -> 632.8417 | G132: =IFERROR(E132*4%,"") -> 725.32 | H132: =IFERROR((F132/12)*$C$1,"") -> 527.36808 | I132: =IFERROR((G132/12)*$C$1,"") -> 604.43333 | J132: 1406 | K132: 1260 | L132: 871 | M132: 792 | N132: 786 | O132: 871 | P132: 792 | Q132: 789 | R132: 871 | S132: 792 | T132: 789 | U132: 871 | V132: 792 | W132: 789 | X132: 1130 | Y132: 461 | Z132: 775 | AA132: 789 | AB132: 796 | AC132: 436 | AD132: 349 | AE132: 349 | AF132: 263 | AG132: 226 | AH132: =SUM(Tableau2[[#This Row],[Td 2]:[Td 5]]) -> 1187 | AI132: 50 | AJ132: 100 | AK132: =IFERROR(IF(H132-O132<0,0,H132-O132),0) -> 0 | AL132: =IFERROR(IF(O132-X132<0,0,O132-X132),0) -> 0 | AM132: =MIN(X132,Z132) -> 775
A133: Nord Kivu | B133: Goma | C133: Goma | D133: Himbi | E133: 37283 | F133: =IFERROR(E133*3.49%,"") -> 1301.1767 | G133: =IFERROR(E133*4%,"") -> 1491.32 | H133: =IFERROR((F133/12)*$C$1,"") -> 1084.3139 | I133: =IFERROR((G133/12)*$C$1,"") -> 1242.7667 | J133: 932 | K133: 671 | L133: 935 | M133: 728 | N133: 886 | O133: 935 | P133: 735 | Q133: 892 | R133: 935 | S133: 728 | T133: 886 | U133: 935 | V133: 728 | W133: 886 | X133: 959 | Y133: 268 | Z133: 959 | AA133: 900 | AB133: 927 | AC133: 272 | AD133: 192 | AE133: 185 | AF133: 108 | AG133: 68 | AH133: =SUM(Tableau2[[#This Row],[Td 2]:[Td 5]]) -> 553 | AI133: 58.3 | AJ133: 100 | AK133: =IFERROR(IF(H133-O133<0,0,H133-O133),0) -> 149.31392 | AL133: =IFERROR(IF(O133-X133<0,0,O133-X133),0) -> 0 | AM133: =MIN(X133,Z133) -> 959
A134: Nord Kivu | B134: Goma | C134: Goma | D134: Katindo | E134: 28178 | F134: =IFERROR(E134*3.49%,"") -> 983.4122 | G134: =IFERROR(E134*4%,"") -> 1127.12 | H134: =IFERROR((F134/12)*$C$1,"") -> 819.51017 | I134: =IFERROR((G134/12)*$C$1,"") -> 939.26667 | J134: 744 | K134: 260 | L134: 692 | M134: 685 | N134: 676 | O134: 698 | P134: 689 | Q134: 676 | R134: 698 | S134: 689 | T134: 672 | U134: 698 | V134: 689 | W134: 672 | X134: 697 | Y134: 489 | Z134: 655 | AA134: 677 | AB134: 697 | AC134: 292 | AD134: 221 | AE134: 197 | AF134: 121 | AG134: 80 | AH134: =SUM(Tableau2[[#This Row],[Td 2]:[Td 5]]) -> 619 | AI134: 58.3 | AJ134: 100 | AK134: =IFERROR(IF(H134-O134<0,0,H134-O134),0) -> 121.51017 | AL134: =IFERROR(IF(O134-X134<0,0,O134-X134),0) -> 1 | AM134: =MIN(X134,Z134) -> 655
A135: Nord Kivu | B135: Goma | C135: Goma | D135: Keshero | E135: 47455 | F135: =IFERROR(E135*3.49%,"") -> 1656.1795 | G135: =IFERROR(E135*4%,"") -> 1898.2 | H135: =IFERROR((F135/12)*$C$1,"") -> 1380.1496 | I135: =IFERROR((G135/12)*$C$1,"") -> 1581.8333 | J135: 2567 | K135: 1872 | L135: 1969 | M135: 1995 | N135: 1932 | O135: 1969 | P135: 1995 | Q135: 1932 | R135: 1969 | S135: 1995 | T135: 1918 | U135: 1969 | V135: 1981 | W135: 1932 | X135: 1726 | Y135: 777 | Z135: 1723 | AA135: 1932 | AB135: 1221 | AC135: 604 | AD135: 469 | AE135: 470 | AF135: 378 | AG135: 282 | AH135: =SUM(Tableau2[[#This Row],[Td 2]:[Td 5]]) -> 1599 | AI135: 58.3 | AJ135: 100 | AK135: =IFERROR(IF(H135-O135<0,0,H135-O135),0) -> 0 | AL135: =IFERROR(IF(O135-X135<0,0,O135-X135),0) -> 243 | AM135: =MIN(X135,Z135) -> 1723
... A137: Nord Kivu | B137: Goma | C137: Goma | D137: Umoja | E137: 41376 | F137: =IFERROR(E137*3.49%,"") -> 1444.0224 | G137: =IFERROR(E137*4%,"") -> 1655.04 | H137: =IFERROR((F137/12)*$C$1,"") -> 1203.352 | I137: =IFERROR((G137/12)*$C$1,"") -> 1379.2 | J137: 1463 | K137: 672 | L137: 1281 | M137: 1303 | N137: 1337 | O137: 1281 | P137: 1303 | Q137: 1337 | R137: 1281 | S137: 1302 | T137: 1337 | U137: 1269 | V137: 1267 | W137: 1308 | X137: 1299 | Y137: 490 | Z137: 1174 | AA137: 1228 | AB137: 1119 | AC137: 425 | AD137: 319 | AE137: 259 | AF137: 209 | AG137: 182 | AH137: =SUM(Tableau2[[#This Row],[Td 2]:[Td 5]]) -> 969 | AI137: 50 | AJ137: 100 | AK137: =IFERROR(IF(H137-O137<0,0,H137-O137),0) -> 0 | AL137: =IFERROR(IF(O137-X137<0,0,O137-X137),0) -> 0 | AM137: =MIN(X137,Z137) -> 1174
A138: Nord Kivu | B138: Goma | C138: Itebero | D138: Biriko | E138: 9676 | F138: =IFERROR(E138*3.49%,"") -> 337.6924 | G138: =IFERROR(E138*4%,"") -> 387.04 | H138: =IFERROR((F138/12)*$C$1,"") -> 281.41033 | I138: =IFERROR((G138/12)*$C$1,"") -> 322.53333 | J138: 297 | K138: 212 | L138: 226 | M138: 209 | N138: 205 | O138: 282 | P138: 261 | Q138: 252 | R138: 282 | S138: 259 | T138: 247 | U138: 257 | V138: 237 | W138: 234 | X138: 239 | Y138: 206 | Z138: 224 | AA138: 167 | AB138: 150 | AC138: 133 | AD138: 93 | AE138: 53 | AF138: 6 | AH138: =SUM(Tableau2[[#This Row],[Td 2]:[Td 5]]) -> 152 | AI138: 50 | AJ138: 100 | AK138: =IFERROR(IF(H138-O138<0,0,H138-O138),0) -> 0 | AL138: =IFERROR(IF(O138-X138<0,0,O138-X138),0) -> 43 | AM138: =MIN(X138,Z138) -> 224
...

Sheet ANAPEV
B3: ZS | C3: Données des Populations, Doses de Vaccins Administrées, CV | J3: Analyse des Problèmes | R3: Zone par priorité | S3: Plan de rederessement
C4: Chiffre Pop Cible | D4: Doses de vaccins administrées | G4: Couverture Vaccinale(%) | J4: EZD/Non Vaccinés(nb) | K4: ESV/sous Vaccine | L4: Taux Abandon % | N4: Type de problèmes | P4: Catégorie de Probleme | Q4: Indicateur Mashako/Score
C6: < 1an | D6: Penta 1 | E6: Penta 3 | F6: VAR | G6: Penta 1 | H6: Penta 3 | I6: VAR | J6: Penta 1 | K6: VAR | L6: Penta1-Penta3 | M6: Penta1-VAR | N6: Accèssibilité | O6: Utilisation | P6: 1,2,3,4 | R6: Priorité 1,2,3…
B7: Alimbongo | C7: =SUMIF(Data_Entry!$C$5:$C$670,B7,Data_Entry!H$5:H$670) -> 8706.6193 | D7: =SUMIF(Data_Entry!$C$5:$C$670,B7,Data_Entry!O$5:O$670) -> 8374 | E7: =SUMIF(Data_Entry!$C$5:$C$670,B7,Data_Entry!Q$5:Q$670) -> 7634 | F7: =SUMIF(Data_Entry!$C$5:$C$670,B7,Data_Entry!X$5:X$670) -> 9099 | G7: =D7/C7 -> 0.96179696 | H7: =E7/C7 -> 0.87680415 | I7: =F7/C7 -> 1.0450669 | J7: =SUMIF(Data_Entry!$C$5:$C$670,B7,Data_Entry!AK$5:AK$670) -> 1138.1323 | K7: =SUMIF(Data_Entry!$C$5:$C$670,B7,Data_Entry!AL$5:AL$670) -> 297 | L7: =IF(((D7-E7)/D7)<0,0,(D7-E7)/D7) -> 0.08836876 | M7: =IF((D7-F7)/D7<0,0,(D7-F7)/D7) -> 0 | N7: =_xlfn.IFS(G7<95%,"Mauvaise",G7>=95%,"Bonne") -> Bonne | O7: =_xlfn.IFS(L7>10%,"Mauvaise",L7<=10%,"Bonne") -> Bonne | P7: =IF(AND(L7<=10%,G7>=90%),1,IF(AND(L7<=10%,G7<90%),3,IF(AND(L7>10%,G7>=90%),2,IF(AND(L7>10%,G7<90%),4,)))) -> 1 | Q7: =VLOOKUP(B7,Data_Entry!$AO$4:$AZ$38,12,FALSE) -> 0.60952381 | R7: =_xlfn.IFS(P7=1,4,P7=2,3,P7=3,2,P7=4,1) -> 4
B8: Beni | C8: =SUMIF(Data_Entry!$C$5:$C$670,B8,Data_Entry!H$5:H$670) -> 15523.433 | D8: =SUMIF(Data_Entry!$C$5:$C$670,B8,Data_Entry!O$5:O$670) -> 16095 | E8: =SUMIF(Data_Entry!$C$5:$C$670,B8,Data_Entry!Q$5:Q$670) -> 17069 | F8: =SUMIF(Data_Entry!$C$5:$C$670,B8,Data_Entry!X$5:X$670) -> 16414 | G8: =D8/C8 -> 1.0368196 | H8: =E8/C8 -> 1.0995635 | I8: =F8/C8 -> 1.0573692 | J8: =SUMIF(Data_Entry!$C$5:$C$670,B8,Data_Entry!AK$5:AK$670) -> 996.17142 | K8: =SUMIF(Data_Entry!$C$5:$C$670,B8,Data_Entry!AL$5:AL$670) -> 764 | L8: =IF(((D8-E8)/D8)<0,0,(D8-E8)/D8) -> 0 | M8: =IF((D8-F8)/D8<0,0,(D8-F8)/D8) -> 0 | N8: =_xlfn.IFS(G8<95%,"Mauvaise",G8>=95%,"Bonne") -> Bonne | O8: =_xlfn.IFS(L8>10%,"Mauvaise",L8<=10%,"Bonne") -> Bonne | P8: =IF(AND(L8<=10%,G8>=90%),1,IF(AND(L8<=10%,G8<90%),3,IF(AND(L8>10%,G8>=90%),2,IF(AND(L8>10%,G8<90%),4,)))) -> 1 | Q8: =VLOOKUP(B8,Data_Entry!$AO$4:$AZ$38,12,FALSE) -> 0 | R8: =_xlfn.IFS(P8=1,4,P8=2,3,P8=3,2,P8=4,1) -> 4
B9: Biena | C9: =SUMIF(Data_Entry!$C$5:$C$670,B9,Data_Entry!H$5:H$670) -> 4823.5872 | D9: =SUMIF(Data_Entry!$C$5:$C$670,B9,Data_Entry!O$5:O$670) -> 4101 | E9: =SUMIF(Data_Entry!$C$5:$C$670,B9,Data_Entry!Q$5:Q$670) -> 3610 | F9: =SUMIF(Data_Entry!$C$5:$C$670,B9,Data_Entry!X$5:X$670) -> 4046 | G9: =D9/C9 -> 0.85019714 | H9: =E9/C9 -> 0.74840567 | I9: =F9/C9 -> 0.83879483 | J9: =SUMIF(Data_Entry!$C$5:$C$670,B9,Data_Entry!AK$5:AK$670) -> 864.008 | K9: =SUMIF(Data_Entry!$C$5:$C$670,B9,Data_Entry!AL$5:AL$670) -> 268 | L9: =IF(((D9-E9)/D9)<0,0,(D9-E9)/D9) -> 0.1197269 | M9: =IF((D9-F9)/D9<0,0,(D9-F9)/D9) -> 0.013411363 | N9: =_xlfn.IFS(G9<95%,"Mauvaise",G9>=95%,"Bonne") -> Mauvaise | O9: =_xlfn.IFS(L9>10%,"Mauvaise",L9<=10%,"Bonne") -> Mauvaise | P9: =IF(AND(L9<=10%,G9>=90%),1,IF(AND(L9<=10%,G9<90%),3,IF(AND(L9>10%,G9>=90%),2,IF(AND(L9>10%,G9<90%),4,)))) -> 4 | Q9: =VLOOKUP(B9,Data_Entry!$AO$4:$AZ$38,12,FALSE) -> 0.52765152 | R9: =_xlfn.IFS(P9=1,4,P9=2,3,P9=3,2,P9=4,1) -> 1
B10: Butembo | C10: =SUMIF(Data_Entry!$C$5:$C$670,B10,Data_Entry!H$5:H$670) -> 7809.7475 | D10: =SUMIF(Data_Entry!$C$5:$C$670,B10,Data_Entry!O$5:O$670) -> 6721 | E10: =SUMIF(Data_Entry!$C$5:$C$670,B10,Data_Entry!Q$5:Q$670) -> 6097 | F10: =SUMIF(Data_Entry!$C$5:$C$670,B10,Data_Entry!X$5:X$670) -> 6907 | G10: =D10/C10 -> 0.8605912 | H10: =E10/C10 -> 0.78069105 | I10: =F10/C10 -> 0.88440759 | J10: =SUMIF(Data_Entry!$C$5:$C$670,B10,Data_Entry!AK$5:AK$670) -> 1251.2746 | K10: =SUMIF(Data_Entry!$C$5:$C$670,B10,Data_Entry!AL$5:AL$670) -> 256 | L10: =IF(((D10-E10)/D10)<0,0,(D10-E10)/D10) -> 0.092843327 | M10: =IF((D10-F10)/D10<0,0,(D10-F10)/D10) -> 0 | N10: =_xlfn.IFS(G10<95%,"Mauvaise",G10>=95%,"Bonne") -> Mauvaise | O10: =_xlfn.IFS(L10>10%,"Mauvaise",L10<=10%,"Bonne") -> Bonne | P10: =IF(AND(L10<=10%,G10>=90%),1,IF(AND(L10<=10%,G10<90%),3,IF(AND(L10>10%,G10>=90%),2,IF(AND(L10>10%,G10<90%),4,)))) -> 3 | Q10: =VLOOKUP(B10,Data_Entry!$AO$4:$AZ$38,12,FALSE) -> 0.66696429 | R10: =_xlfn.IFS(P10=1,4,P10=2,3,P10=3,2,P10=4,1) -> 2
B11: Kalunguta | C11: =SUMIF(Data_Entry!$C$5:$C$670,B11,Data_Entry!H$5:H$670) -> 6941.4937 | D11: =SUMIF(Data_Entry!$C$5:$C$670,B11,Data_Entry!O$5:O$670) -> 6554 | E11: =SUMIF(Data_Entry!$C$5:$C$670,B11,Data_Entry!Q$5:Q$670) -> 6444 | F11: =SUMIF(Data_Entry!$C$5:$C$670,B11,Data_Entry!X$5:X$670) -> 6698 | G11: =D11/C11 -> 0.94417719 | H11: =E11/C11 -> 0.92833046 | I11: =F11/C11 -> 0.96492201 | J11: =SUMIF(Data_Entry!$C$5:$C$670,B11,Data_Entry!AK$5:AK$670) -> 948.61392 | K11: =SUMIF(Data_Entry!$C$5:$C$670,B11,Data_Entry!AL$5:AL$670) -> 507 | L11: =IF(((D11-E11)/D11)<0,0,(D11-E11)/D11) -> 0.016783644 | M11: =IF((D11-F11)/D11<0,0,(D11-F11)/D11) -> 0 | N11: =_xlfn.IFS(G11<95%,"Mauvaise",G11>=95%,"Bonne") -> Mauvaise | O11: =_xlfn.IFS(L11>10%,"Mauvaise",L11<=10%,"Bonne") -> Bonne | P11: =IF(AND(L11<=10%,G11>=90%),1,IF(AND(L11<=10%,G11<90%),3,IF(AND(L11>10%,G11>=90%),2,IF(AND(L11>10%,G11<90%),4,)))) -> 1 | Q11: =VLOOKUP(B11,Data_Entry!$AO$4:$AZ$38,12,FALSE) -> 0.6 | R11: =_xlfn.IFS(P11=1,4,P11=2,3,P11=3,2,P11=4,1) -> 4
B12: Kamango | C12: =SUMIF(Data_Entry!$C$5:$C$670,B12,Data_Entry!H$5:H$670) -> 4277.6058 | D12: =SUMIF(Data_Entry!$C$5:$C$670,B12,Data_Entry!O$5:O$670) -> 5054 | E12: =SUMIF(Data_Entry!$C$5:$C$670,B12,Data_Entry!Q$5:Q$670) -> 4601 | F12: =SUMIF(Data_Entry!$C$5:$C$670,B12,Data_Entry!X$5:X$670) -> 4687 | G12: =D12/C12 -> 1.1815021 | H12: =E12/C12 -> 1.0756017 | I12: =F12/C12 -> 1.0957064 | J12: =SUMIF(Data_Entry!$C$5:$C$670,B12,Data_Entry!AK$5:AK$670) -> 265.77392 | K12: =SUMIF(Data_Entry!$C$5:$C$670,B12,Data_Entry!AL$5:AL$670) -> 740 | L12: =IF(((D12-E12)/D12)<0,0,(D12-E12)/D12) -> 0.089631975 | M12: =IF((D12-F12)/D12<0,0,(D12-F12)/D12) -> 0.07261575 | N12: =_xlfn.IFS(G12<95%,"Mauvaise",G12>=95%,"Bonne") -> Bonne | O12: =_xlfn.IFS(L12>10%,"Mauvaise",L12<=10%,"Bonne") -> Bonne | P12: =IF(AND(L12<=10%,G12>=90%),1,IF(AND(L12<=10%,G12<90%),3,IF(AND(L12>10%,G12>=90%),2,IF(AND(L12>10%,G12<90%),4,)))) -> 1 | Q12: =VLOOKUP(B12,Data_Entry!$AO$4:$AZ$38,12,FALSE) -> 0.27142857 | R12: =_xlfn.IFS(P12=1,4,P12=2,3,P12=3,2,P12=4,1) -> 4
B13: Katwa | C13: =SUMIF(Data_Entry!$C$5:$C$670,B13,Data_Entry!H$5:H$670) -> 16083.112 | D13: =SUMIF(Data_Entry!$C$5:$C$670,B13,Data_Entry!O$5:O$670) -> 17113 | E13: =SUMIF(Data_Entry!$C$5:$C$670,B13,Data_Entry!Q$5:Q$670) -> 17326 | F13: =SUMIF(Data_Entry!$C$5:$C$670,B13,Data_Entry!X$5:X$670) -> 17120 | G13: =D13/C13 -> 1.0640353 | H13: =E13/C13 -> 1.077279 | I13: =F13/C13 -> 1.0644706 | J13: =SUMIF(Data_Entry!$C$5:$C$670,B13,Data_Entry!AK$5:AK$670) -> 835.01692 | K13: =SUMIF(Data_Entry!$C$5:$C$670,B13,Data_Entry!AL$5:AL$670) -> 928 | L13: =IF(((D13-E13)/D13)<0,0,(D13-E13)/D13) -> 0 | M13: =IF((D13-F13)/D13<0,0,(D13-F13)/D13) -> 0 | N13: =_xlfn.IFS(G13<95%,"Mauvaise",G13>=95%,"Bonne") -> Bonne | O13: =_xlfn.IFS(L13>10%,"Mauvaise",L13<=10%,"Bonne") -> Bonne | P13: =IF(AND(L13<=10%,G13>=90%),1,IF(AND(L13<=10%,G13<90%),3,IF(AND(L13>10%,G13>=90%),2,IF(AND(L13>10%,G13<90%),4,)))) -> 1 | Q13: =VLOOKUP(B13,Data_Entry!$AO$4:$AZ$38,12,FALSE) -> 0.61144231 | R13: =_xlfn.IFS(P13=1,4,P13=2,3,P13=3,2,P13=4,1) -> 4
B14: Kayna | C14: =SUMIF(Data_Entry!$C$5:$C$670,B14,Data_Entry!H$5:H$670) -> 13206.218 | D14: =SUMIF(Data_Entry!$C$5:$C$670,B14,Data_Entry!O$5:O$670) -> 11516 | E14: =SUMIF(Data_Entry!$C$5:$C$670,B14,Data_Entry!Q$5:Q$670) -> 10186 | F14: =SUMIF(Data_Entry!$C$5:$C$670,B14,Data_Entry!X$5:X$670) -> 12592 | G14: =D14/C14 -> 0.87201346 | H14: =E14/C14 -> 0.77130333 | I14: =F14/C14 -> 0.95349023 | J14: =SUMIF(Data_Entry!$C$5:$C$670,B14,Data_Entry!AK$5:AK$670) -> 2123.1977 | K14: =SUMIF(Data_Entry!$C$5:$C$670,B14,Data_Entry!AL$5:AL$670) -> 622 | L14: =IF(((D14-E14)/D14)<0,0,(D14-E14)/D14) -> 0.11549149 | M14: =IF((D14-F14)/D14<0,0,(D14-F14)/D14) -> 0 | N14: =_xlfn.IFS(G14<95%,"Mauvaise",G14>=95%,"Bonne") -> Mauvaise | O14: =_xlfn.IFS(L14>10%,"Mauvaise",L14<=10%,"Bonne") -> Mauvaise | P14: =IF(AND(L14<=10%,G14>=90%),1,IF(AND(L14<=10%,G14<90%),3,IF(AND(L14>10%,G14>=90%),2,IF(AND(L14>10%,G14<90%),4,)))) -> 4 | Q14: =VLOOKUP(B14,Data_Entry!$AO$4:$AZ$38,12,FALSE) -> 0.24296675 | R14: =_xlfn.IFS(P14=1,4,P14=2,3,P14=3,2,P14=4,1) -> 1
B15: Kyondo | C15: =SUMIF(Data_Entry!$C$5:$C$670,B15,Data_Entry!H$5:H$670) -> 6749.4855 | D15: =SUMIF(Data_Entry!$C$5:$C$670,B15,Data_Entry!O$5:O$670) -> 6233 | E15: =SUMIF(Data_Entry!$C$5:$C$670,B15,Data_Entry!Q$5:Q$670) -> 6105 | F15: =SUMIF(Data_Entry!$C$5:$C$670,B15,Data_Entry!X$5:X$670) -> 6394 | G15: =D15/C15 -> 0.9234778 | H15: =E15/C15 -> 0.90451339 | I15: =F15/C15 -> 0.94733147 | J15: =SUMIF(Data_Entry!$C$5:$C$670,B15,Data_Entry!AK$5:AK$670) -> 665.53317 | K15: =SUMIF(Data_Entry!$C$5:$C$670,B15,Data_Entry!AL$5:AL$670) -> 273 | L15: =IF(((D15-E15)/D15)<0,0,(D15-E15)/D15) -> 0.020535858 | M15: =IF((D15-F15)/D15<0,0,(D15-F15)/D15) -> 0 | N15: =_xlfn.IFS(G15<95%,"Mauvaise",G15>=95%,"Bonne") -> Mauvaise | O15: =_xlfn.IFS(L15>10%,"Mauvaise",L15<=10%,"Bonne") -> Bonne | P15: =IF(AND(L15<=10%,G15>=90%),1,IF(AND(L15<=10%,G15<90%),3,IF(AND(L15>10%,G15>=90%),2,IF(AND(L15>10%,G15<90%),4,)))) -> 1 | Q15: =VLOOKUP(B15,Data_Entry!$AO$4:$AZ$38,12,FALSE) -> 0.65393375 | R15: =_xlfn.IFS(P15=1,4,P15=2,3,P15=3,2,P15=4,1) -> 4
B16: Lubero | C16: =SUMIF(Data_Entry!$C$5:$C$670,B16,Data_Entry!H$5:H$670) -> 10515.544 | D16: =SUMIF(Data_Entry!$C$5:$C$670,B16,Data_Entry!O$5:O$670) -> 10234 | E16: =SUMIF(Data_Entry!$C$5:$C$670,B16,Data_Entry!Q$5:Q$670) -> 10087 | F16: =SUMIF(Data_Entry!$C$5:$C$670,B16,Data_Entry!X$5:X$670) -> 9697 | G16: =D16/C16 -> 0.97322588 | H16: =E16/C16 -> 0.95924657 | I16: =F16/C16 -> 0.92215862 | J16: =SUMIF(Data_Entry!$C$5:$C$670,B16,Data_Entry!AK$5:AK$670) -> 469.80233 | K16: =SUMIF(Data_Entry!$C$5:$C$670,B16,Data_Entry!AL$5:AL$670) -> 670 | L16: =IF(((D16-E16)/D16)<0,0,(D16-E16)/D16) -> 0.014363885 | M16: =IF((D16-F16)/D16<0,0,(D16-F16)/D16) -> 0.052472152 | N16: =_xlfn.IFS(G16<95%,"Mauvaise",G16>=95%,"Bonne") -> Bonne | O16: =_xlfn.IFS(L16>10%,"Mauvaise",L16<=10%,"Bonne") -> Bonne | P16: =IF(AND(L16<=10%,G16>=90%),1,IF(AND(L16<=10%,G16<90%),3,IF(AND(L16>10%,G16>=90%),2,IF(AND(L16>10%,G16<90%),4,)))) -> 1 | Q16: =VLOOKUP(B16,Data_Entry!$AO$4:$AZ$38,12,FALSE) -> 0 | R16: =_xlfn.IFS(P16=1,4,P16=2,3,P16=3,2,P16=4,1) -> 4
B17: Mabalako | C17: =SUMIF(Data_Entry!$C$5:$C$670,B17,Data_Entry!H$5:H$670) -> 7118.4657 | D17: =SUMIF(Data_Entry!$C$5:$C$670,B17,Data_Entry!O$5:O$670) -> 6267 | E17: =SUMIF(Data_Entry!$C$5:$C$670,B17,Data_Entry!Q$5:Q$670) -> 6115 | F17: =SUMIF(Data_Entry!$C$5:$C$670,B17,Data_Entry!X$5:X$670) -> 6562 | G17: =D17/C17 -> 0.88038634 | H17: =E17/C17 -> 0.85903342 | I17: =F17/C17 -> 0.92182785 | J17: =SUMIF(Data_Entry!$C$5:$C$670,B17,Data_Entry!AK$5:AK$670) -> 1125.3214 | K17: =SUMIF(Data_Entry!$C$5:$C$670,B17,Data_Entry!AL$5:AL$670) -> 204 | L17: =IF(((D17-E17)/D17)<0,0,(D17-E17)/D17) -> 0.024254029 | M17: =IF((D17-F17)/D17<0,0,(D17-F17)/D17) -> 0 | N17: =_xlfn.IFS(G17<95%,"Mauvaise",G17>=95%,"Bonne") -> Mauvaise | O17: =_xlfn.IFS(L17>10%,"Mauvaise",L17<=10%,"Bonne") -> Bonne | P17: =IF(AND(L17<=10%,G17>=90%),1,IF(AND(L17<=10%,G17<90%),3,IF(AND(L17>10%,G17>=90%),2,IF(AND(L17>10%,G17<90%),4,)))) -> 3 | Q17: =VLOOKUP(B17,Data_Entry!$AO$4:$AZ$38,12,FALSE) -> 0.44375 | R17: =_xlfn.IFS(P17=1,4,P17=2,3,P17=3,2,P17=4,1) -> 2
B18: Manguredjipa | C18: =SUMIF(Data_Entry!$C$5:$C$670,B18,Data_Entry!H$5:H$670) -> 2840.7146 | D18: =SUMIF(Data_Entry!$C$5:$C$670,B18,Data_Entry!O$5:O$670) -> 2850 | E18: =SUMIF(Data_Entry!$C$5:$C$670,B18,Data_Entry!Q$5:Q$670) -> 2318 | F18: =SUMIF(Data_Entry!$C$5:$C$670,B18,Data_Entry!X$5:X$670) -> 2384 | G18: =D18/C18 -> 1.0032687 | H18: =E18/C18 -> 0.81599187 | I18: =F18/C18 -> 0.83922546 | J18: =SUMIF(Data_Entry!$C$5:$C$670,B18,Data_Entry!AK$5:AK$670) -> 375.18675 | K18: =SUMIF(Data_Entry!$C$5:$C$670,B18,Data_Entry!AL$5:AL$670) -> 522 | L18: =IF(((D18-E18)/D18)<0,0,(D18-E18)/D18) -> 0.18666667 | M18: =IF((D18-F18)/D18<0,0,(D18-F18)/D18) -> 0.16350877 | N18: =_xlfn.IFS(G18<95%,"Mauvaise",G18>=95%,"Bonne") -> Bonne | O18: =_xlfn.IFS(L18>10%,"Mauvaise",L18<=10%,"Bonne") -> Mauvaise | P18: =IF(AND(L18<=10%,G18>=90%),1,IF(AND(L18<=10%,G18<90%),3,IF(AND(L18>10%,G18>=90%),2,IF(AND(L18>10%,G18<90%),4,)))) -> 2 | Q18: =VLOOKUP(B18,Data_Entry!$AO$4:$AZ$38,12,FALSE) -> 0.65 | R18: =_xlfn.IFS(P18=1,4,P18=2,3,P18=3,2,P18=4,1) -> 3
... B23: Vuhovi | C23: =SUMIF(Data_Entry!$C$5:$C$670,B23,Data_Entry!H$5:H$670) -> 4409.7023 | D23: =SUMIF(Data_Entry!$C$5:$C$670,B23,Data_Entry!O$5:O$670) -> 3997 | E23: =SUMIF(Data_Entry!$C$5:$C$670,B23,Data_Entry!Q$5:Q$670) -> 3922 | F23: =SUMIF(Data_Entry!$C$5:$C$670,B23,Data_Entry!X$5:X$670) -> 4279 | G23: =D23/C23 -> 0.9064104 | H23: =E23/C23 -> 0.88940245 | I23: =F23/C23 -> 0.9703603 | J23: =SUMIF(Data_Entry!$C$5:$C$670,B23,Data_Entry!AK$5:AK$670) -> 726.15125 | K23: =SUMIF(Data_Entry!$C$5:$C$670,B23,Data_Entry!AL$5:AL$670) -> 83 | L23: =IF(((D23-E23)/D23)<0,0,(D23-E23)/D23) -> 0.018764073 | M23: =IF((D23-F23)/D23<0,0,(D23-F23)/D23) -> 0 | N23: =_xlfn.IFS(G23<95%,"Mauvaise",G23>=95%,"Bonne") -> Mauvaise | O23: =_xlfn.IFS(L23>10%,"Mauvaise",L23<=10%,"Bonne") -> Bonne | P23: =IF(AND(L23<=10%,G23>=90%),1,IF(AND(L23<=10%,G23<90%),3,IF(AND(L23>10%,G23>=90%),2,IF(AND(L23>10%,G23<90%),4,)))) -> 1 | Q23: =VLOOKUP(B23,Data_Entry!$AO$4:$AZ$38,12,FALSE) -> 0 | R23: =_xlfn.IFS(P23=1,4,P23=2,3,P23=3,2,P23=4,1) -> 4
B24: ANT. BUTEMBO | C24: =SUM(C7:C23) -> 144662.07 | D24: =SUM(D7:D23) -> 136437 | E24: =SUM(E7:E23) -> 131124 | F24: =SUM(F7:F23) -> 136839 | G24: =D24/C24 -> 0.94314287 | H24: =E24/C24 -> 0.90641589 | I24: =F24/C24 -> 0.94592176 | J24: =SUM(J7:J23) -> 16943.997 | K24: =SUM(K7:K23) -> 8555 | L24: =IF(((D24-E24)/D24)<0,0,(D24-E24)/D24) -> 0.03894105 | M24: =IF((D24-F24)/D24<0,0,(D24-F24)/D24) -> 0 | N24: =_xlfn.IFS(G24<95%,"Mauvaise",G24>=95%,"Bonne") -> Mauvaise | O24: =_xlfn.IFS(L24>10%,"Mauvaise",L24<=10%,"Bonne") -> Bonne | P24: =IF(AND(L24<=10%,G24>=90%),1,IF(AND(L24<=10%,G24<90%),3,IF(AND(L24>10%,G24>=90%),2,IF(AND(L24>10%,G24<90%),4,)))) -> 1
B25: Bambo | C25: =SUMIF(Data_Entry!$C$5:$C$670,B25,Data_Entry!H$5:H$670) -> 6193.3249 | D25: =SUMIF(Data_Entry!$C$5:$C$670,B25,Data_Entry!O$5:O$670) -> 6274 | E25: =SUMIF(Data_Entry!$C$5:$C$670,B25,Data_Entry!Q$5:Q$670) -> 6014 | F25: =SUMIF(Data_Entry!$C$5:$C$670,B25,Data_Entry!X$5:X$670) -> 6062 | G25: =D25/C25 -> 1.0130261 | H25: =E25/C25 -> 0.97104545 | I25: =F25/C25 -> 0.97879573 | J25: =SUMIF(Data_Entry!$C$5:$C$670,B25,Data_Entry!AK$5:AK$670) -> 293.24883 | K25: =SUMIF(Data_Entry!$C$5:$C$670,B25,Data_Entry!AL$5:AL$670) -> 367 | L25: =IF(((D25-E25)/D25)<0,0,(D25-E25)/D25) -> 0.041440867 | M25: =IF((D25-F25)/D25<0,0,(D25-F25)/D25) -> 0.033790245 | N25: =_xlfn.IFS(G25<95%,"Mauvaise",G25>=95%,"Bonne") -> Bonne | O25: =_xlfn.IFS(L25>10%,"Mauvaise",L25<=10%,"Bonne") -> Bonne | P25: =IF(AND(L25<=10%,G25>=90%),1,IF(AND(L25<=10%,G25<90%),3,IF(AND(L25>10%,G25>=90%),2,IF(AND(L25>10%,G25<90%),4,)))) -> 1 | Q25: =VLOOKUP(B25,Data_Entry!$AO$4:$AZ$38,12,FALSE) -> 0.77596154 | R25: =_xlfn.IFS(P25=1,4,P25=2,3,P25=3,2,P25=4,1) -> 4
B26: Binza | C26: =SUMIF(Data_Entry!$C$5:$C$670,B26,Data_Entry!H$5:H$670) -> 6399.3512 | D26: =SUMIF(Data_Entry!$C$5:$C$670,B26,Data_Entry!O$5:O$670) -> 6705 | E26: =SUMIF(Data_Entry!$C$5:$C$670,B26,Data_Entry!Q$5:Q$670) -> 6735 | F26: =SUMIF(Data_Entry!$C$5:$C$670,B26,Data_Entry!X$5:X$670) -> 6664 | G26: =D26/C26 -> 1.0477625 | H26: =E26/C26 -> 1.0524504 | I26: =F26/C26 -> 1.0413556 | J26: =SUMIF(Data_Entry!$C$5:$C$670,B26,Data_Entry!AK$5:AK$670) -> 213.48783 | K26: =SUMIF(Data_Entry!$C$5:$C$670,B26,Data_Entry!AL$5:AL$670) -> 320 | L26: =IF(((D26-E26)/D26)<0,0,(D26-E26)/D26) -> 0 | M26: =IF((D26-F26)/D26<0,0,(D26-F26)/D26) -> 0.0061148397 | N26: =_xlfn.IFS(G26<95%,"Mauvaise",G26>=95%,"Bonne") -> Bonne | O26: =_xlfn.IFS(L26>10%,"Mauvaise",L26<=10%,"Bonne") -> Bonne | P26: =IF(AND(L26<=10%,G26>=90%),1,IF(AND(L26<=10%,G26<90%),3,IF(AND(L26>10%,G26>=90%),2,IF(AND(L26>10%,G26<90%),4,)))) -> 1 | Q26: =VLOOKUP(B26,Data_Entry!$AO$4:$AZ$38,12,FALSE) -> 0.6902381 | R26: =_xlfn.IFS(P26=1,4,P26=2,3,P26=3,2,P26=4,1) -> 4
B27: Birambizo | C27: =SUMIF(Data_Entry!$C$5:$C$670,B27,Data_Entry!H$5:H$670) -> 7013.6785 | D27: =SUMIF(Data_Entry!$C$5:$C$670,B27,Data_Entry!O$5:O$670) -> 7265 | E27: =SUMIF(Data_Entry!$C$5:$C$670,B27,Data_Entry!Q$5:Q$670) -> 6711 | F27: =SUMIF(Data_Entry!$C$5:$C$670,B27,Data_Entry!X$5:X$670) -> 6335 | G27: =D27/C27 -> 1.0358331 | H27: =E27/C27 -> 0.95684454 | I27: =F27/C27 -> 0.90323501 | J27: =SUMIF(Data_Entry!$C$5:$C$670,B27,Data_Entry!AK$5:AK$670) -> 178.36867 | K27: =SUMIF(Data_Entry!$C$5:$C$670,B27,Data_Entry!AL$5:AL$670) -> 1119 | L27: =IF(((D27-E27)/D27)<0,0,(D27-E27)/D27) -> 0.076256022 | M27: =IF((D27-F27)/D27<0,0,(D27-F27)/D27) -> 0.12801101 | N27: =_xlfn.IFS(G27<95%,"Mauvaise",G27>=95%,"Bonne") -> Bonne | O27: =_xlfn.IFS(L27>10%,"Mauvaise",L27<=10%,"Bonne") -> Bonne | P27: =IF(AND(L27<=10%,G27>=90%),1,IF(AND(L27<=10%,G27<90%),3,IF(AND(L27>10%,G27>=90%),2,IF(AND(L27>10%,G27<90%),4,)))) -> 1 | Q27: =VLOOKUP(B27,Data_Entry!$AO$4:$AZ$38,12,FALSE) -> 0.56607143 | R27: =_xlfn.IFS(P27=1,4,P27=2,3,P27=3,2,P27=4,1) -> 4
B28: Goma | C28: =SUMIF(Data_Entry!$C$5:$C$670,B28,Data_Entry!H$5:H$670) -> 9584.0926 | D28: =SUMIF(Data_Entry!$C$5:$C$670,B28,Data_Entry!O$5:O$670) -> 15209 | E28: =SUMIF(Data_Entry!$C$5:$C$670,B28,Data_Entry!Q$5:Q$670) -> 14284 | F28: =SUMIF(Data_Entry!$C$5:$C$670,B28,Data_Entry!X$5:X$670) -> 13329 | G28: =D28/C28 -> 1.5869004 | H28: =E28/C28 -> 1.4903863 | I28: =F28/C28 -> 1.390742 | J28: =SUMIF(Data_Entry!$C$5:$C$670,B28,Data_Entry!AK$5:AK$670) -> 472.68725 | K28: =SUMIF(Data_Entry!$C$5:$C$670,B28,Data_Entry!AL$5:AL$670) -> 2190 | L28: =IF(((D28-E28)/D28)<0,0,(D28-E28)/D28) -> 0.060819252 | M28: =IF((D28-F28)/D28<0,0,(D28-F28)/D28) -> 0.12361102 | N28: =_xlfn.IFS(G28<95%,"Mauvaise",G28>=95%,"Bonne") -> Bonne | O28: =_xlfn.IFS(L28>10%,"Mauvaise",L28<=10%,"Bonne") -> Bonne | P28: =IF(AND(L28<=10%,G28>=90%),1,IF(AND(L28<=10%,G28<90%),3,IF(AND(L28>10%,G28>=90%),2,IF(AND(L28>10%,G28<90%),4,)))) -> 1 | Q28: =VLOOKUP(B28,Data_Entry!$AO$4:$AZ$38,12,FALSE) -> 0.61764706 | R28: =_xlfn.IFS(P28=1,4,P28=2,3,P28=3,2,P28=4,1) -> 4
B29: Itebero | C29: =SUMIF(Data_Entry!$C$5:$C$670,B29,Data_Entry!H$5:H$670) -> 6924.9453 | D29: =SUMIF(Data_Entry!$C$5:$C$670,B29,Data_Entry!O$5:O$670) -> 7288 | E29: =SUMIF(Data_Entry!$C$5:$C$670,B29,Data_Entry!Q$5:Q$670) -> 7278 | F29: =SUMIF(Data_Entry!$C$5:$C$670,B29,Data_Entry!X$5:X$670) -> 6738 | G29: =D29/C29 -> 1.0524271 | H29: =E29/C29 -> 1.050983 | I29: =F29/C29 -> 0.97300408 | J29: =SUMIF(Data_Entry!$C$5:$C$670,B29,Data_Entry!AK$5:AK$670) -> 278.59108 | K29: =SUMIF(Data_Entry!$C$5:$C$670,B29,Data_Entry!AL$5:AL$670) -> 641 | L29: =IF(((D29-E29)/D29)<0,0,(D29-E29)/D29) -> 0.0013721186 | M29: =IF((D29-F29)/D29<0,0,(D29-F29)/D29) -> 0.07546652 | N29: =_xlfn.IFS(G29<95%,"Mauvaise",G29>=95%,"Bonne") -> Bonne | O29: =_xlfn.IFS(L29>10%,"Mauvaise",L29<=10%,"Bonne") -> Bonne | P29: =IF(AND(L29<=10%,G29>=90%),1,IF(AND(L29<=10%,G29<90%),3,IF(AND(L29>10%,G29>=90%),2,IF(AND(L29>10%,G29<90%),4,)))) -> 1 | Q29: =VLOOKUP(B29,Data_Entry!$AO$4:$AZ$38,12,FALSE) -> 0.47647059 | R29: =_xlfn.IFS(P29=1,4,P29=2,3,P29=3,2,P29=4,1) -> 4
B30: Karisimbi | C30: =SUMIF(Data_Entry!$C$5:$C$670,B30,Data_Entry!H$5:H$670) -> 19347.804 | D30: =SUMIF(Data_Entry!$C$5:$C$670,B30,Data_Entry!O$5:O$670) -> 22683 | E30: =SUMIF(Data_Entry!$C$5:$C$670,B30,Data_Entry!Q$5:Q$670) -> 20007 | F30: =SUMIF(Data_Entry!$C$5:$C$670,B30,Data_Entry!X$5:X$670) -> 22618 | G30: =D30/C30 -> 1.1723811 | H30: =E30/C30 -> 1.0340709 | I30: =F30/C30 -> 1.1690216 | J30: =SUMIF(Data_Entry!$C$5:$C$670,B30,Data_Entry!AK$5:AK$670) -> 3803.8786 | K30: =SUMIF(Data_Entry!$C$5:$C$670,B30,Data_Entry!AL$5:AL$670) -> 1979 | L30: =IF(((D30-E30)/D30)<0,0,(D30-E30)/D30) -> 0.11797381 | M30: =IF((D30-F30)/D30<0,0,(D30-F30)/D30) -> 0.0028655822 | N30: =_xlfn.IFS(G30<95%,"Mauvaise",G30>=95%,"Bonne") -> Bonne | O30: =_xlfn.IFS(L30>10%,"Mauvaise",L30<=10%,"Bonne") -> Mauvaise | P30: =IF(AND(L30<=10%,G30>=90%),1,IF(AND(L30<=10%,G30<90%),3,IF(AND(L30>10%,G30>=90%),2,IF(AND(L30>10%,G30<90%),4,)))) -> 2 | Q30: =VLOOKUP(B30,Data_Entry!$AO$4:$AZ$38,12,FALSE) -> 0 | R30: =_xlfn.IFS(P30=1,4,P30=2,3,P30=3,2,P30=4,1) -> 3
B31: Katoyi | C31: =SUMIF(Data_Entry!$C$5:$C$670,B31,Data_Entry!H$5:H$670) -> 11143.134 | D31: =SUMIF(Data_Entry!$C$5:$C$670,B31,Data_Entry!O$5:O$670) -> 12921 | E31: =SUMIF(Data_Entry!$C$5:$C$670,B31,Data_Entry!Q$5:Q$670) -> 12429 | F31: =SUMIF(Data_Entry!$C$5:$C$670,B31,Data_Entry!X$5:X$670) -> 12266 | G31: =D31/C31 -> 1.1595481 | H31: =E31/C31 -> 1.1153954 | I31: =F31/C31 -> 1.1007675 | J31: =SUMIF(Data_Entry!$C$5:$C$670,B31,Data_Entry!AK$5:AK$670) -> 29.964833 | K31: =SUMIF(Data_Entry!$C$5:$C$670,B31,Data_Entry!AL$5:AL$670) -> 1082 | L31: =IF(((D31-E31)/D31)<0,0,(D31-E31)/D31) -> 0.038077548 | M31: =IF((D31-F31)/D31<0,0,(D31-F31)/D31) -> 0.050692671 | N31: =_xlfn.IFS(G31<95%,"Mauvaise",G31>=95%,"Bonne") -> Bonne | O31: =_xlfn.IFS(L31>10%,"Mauvaise",L31<=10%,"Bonne") -> Bonne | P31: =IF(AND(L31<=10%,G31>=90%),1,IF(AND(L31<=10%,G31<90%),3,IF(AND(L31>10%,G31>=90%),2,IF(AND(L31>10%,G31<90%),4,)))) -> 1 | Q31: =VLOOKUP(B31,Data_Entry!$AO$4:$AZ$38,12,FALSE) -> 0.48421053 | R31: =_xlfn.IFS(P31=1,4,P31=2,3,P31=3,2,P31=4,1) -> 4
B32: Kibirizi | C32: =SUMIF(Data_Entry!$C$5:$C$670,B32,Data_Entry!H$5:H$670) -> 12549.662 | D32: =SUMIF(Data_Entry!$C$5:$C$670,B32,Data_Entry!O$5:O$670) -> 12959 | E32: =SUMIF(Data_Entry!$C$5:$C$670,B32,Data_Entry!Q$5:Q$670) -> 12176 | F32: =SUMIF(Data_Entry!$C$5:$C$670,B32,Data_Entry!X$5:X$670) -> 12482 | G32: =D32/C32 -> 1.0326175 | H32: =E32/C32 -> 0.97022534 | I32: =F32/C32 -> 0.99460847 | J32: =SUMIF(Data_Entry!$C$5:$C$670,B32,Data_Entry!AK$5:AK$670) -> 568.10608 | K32: =SUMIF(Data_Entry!$C$5:$C$670,B32,Data_Entry!AL$5:AL$670) -> 1032 | L32: =IF(((D32-E32)/D32)<0,0,(D32-E32)/D32) -> 0.060421329 | M32: =IF((D32-F32)/D32<0,0,(D32-F32)/D32) -> 0.036808396 | N32: =_xlfn.IFS(G32<95%,"Mauvaise",G32>=95%,"Bonne") -> Bonne | O32: =_xlfn.IFS(L32>10%,"Mauvaise",L32<=10%,"Bonne") -> Bonne | P32: =IF(AND(L32<=10%,G32>=90%),1,IF(AND(L32<=10%,G32<90%),3,IF(AND(L32>10%,G32>=90%),2,IF(AND(L32>10%,G32<90%),4,)))) -> 1 | Q32: =VLOOKUP(B32,Data_Entry!$AO$4:$AZ$38,12,FALSE) -> 0.56789216 | R32: =_xlfn.IFS(P32=1,4,P32=2,3,P32=3,2,P32=4,1) -> 4
B33: Kibua | C33: =SUMIF(Data_Entry!$C$5:$C$670,B33,Data_Entry!H$5:H$670) -> 4165.1405 | D33: =SUMIF(Data_Entry!$C$5:$C$670,B33,Data_Entry!O$5:O$670) -> 3999 | E33: =SUMIF(Data_Entry!$C$5:$C$670,B33,Data_Entry!Q$5:Q$670) -> 3759 | F33: =SUMIF(Data_Entry!$C$5:$C$670,B33,Data_Entry!X$5:X$670) -> 3616 | G33: =D33/C33 -> 0.96011167 | H33: =E33/C33 -> 0.90249056 | I33: =F33/C33 -> 0.86815799 | J33: =SUMIF(Data_Entry!$C$5:$C$670,B33,Data_Entry!AK$5:AK$670) -> 339.60133 | K33: =SUMIF(Data_Entry!$C$5:$C$670,B33,Data_Entry!AL$5:AL$670) -> 424 | L33: =IF(((D33-E33)/D33)<0,0,(D33-E33)/D33) -> 0.060015004 | M33: =IF((D33-F33)/D33<0,0,(D33-F33)/D33) -> 0.095773943 | N33: =_xlfn.IFS(G33<95%,"Mauvaise",G33>=95%,"Bonne") -> Bonne | O33: =_xlfn.IFS(L33>10%,"Mauvaise",L33<=10%,"Bonne") -> Bonne | P33: =IF(AND(L33<=10%,G33>=90%),1,IF(AND(L33<=10%,G33<90%),3,IF(AND(L33>10%,G33>=90%),2,IF(AND(L33>10%,G33<90%),4,)))) -> 1 | Q33: =VLOOKUP(B33,Data_Entry!$AO$4:$AZ$38,12,FALSE) -> 0.54035088 | R33: =_xlfn.IFS(P33=1,4,P33=2,3,P33=3,2,P33=4,1) -> 4
B34: Kirotshe | C34: =SUMIF(Data_Entry!$C$5:$C$670,B34,Data_Entry!H$5:H$670) -> 14972.013 | D34: =SUMIF(Data_Entry!$C$5:$C$670,B34,Data_Entry!O$5:O$670) -> 9340 | E34: =SUMIF(Data_Entry!$C$5:$C$670,B34,Data_Entry!Q$5:Q$670) -> 8197 | F34: =SUMIF(Data_Entry!$C$5:$C$670,B34,Data_Entry!X$5:X$670) -> 8292 | G34: =D34/C34 -> 0.62383062 | H34: =E34/C34 -> 0.54748818 | I34: =F34/C34 -> 0.55383335 | J34: =SUMIF(Data_Entry!$C$5:$C$670,B34,Data_Entry!AK$5:AK$670) -> 5762.6368 | K34: =SUMIF(Data_Entry!$C$5:$C$670,B34,Data_Entry!AL$5:AL$670) -> 1344 | L34: =IF(((D34-E34)/D34)<0,0,(D34-E34)/D34) -> 0.12237687 | M34: =IF((D34-F34)/D34<0,0,(D34-F34)/D34) -> 0.11220557 | N34: =_xlfn.IFS(G34<95%,"Mauvaise",G34>=95%,"Bonne") -> Mauvaise | O34: =_xlfn.IFS(L34>10%,"Mauvaise",L34<=10%,"Bonne") -> Mauvaise | P34: =IF(AND(L34<=10%,G34>=90%),1,IF(AND(L34<=10%,G34<90%),3,IF(AND(L34>10%,G34>=90%),2,IF(AND(L34>10%,G34<90%),4,)))) -> 4 | Q34: =VLOOKUP(B34,Data_Entry!$AO$4:$AZ$38,12,FALSE) -> 0 | R34: =_xlfn.IFS(P34=1,4,P34=2,3,P34=3,2,P34=4,1) -> 1
B35: Masisi | C35: =SUMIF(Data_Entry!$C$5:$C$670,B35,Data_Entry!H$5:H$670) -> 13289.542 | D35: =SUMIF(Data_Entry!$C$5:$C$670,B35,Data_Entry!O$5:O$670) -> 18088 | E35: =SUMIF(Data_Entry!$C$5:$C$670,B35,Data_Entry!Q$5:Q$670) -> 16374 | F35: =SUMIF(Data_Entry!$C$5:$C$670,B35,Data_Entry!X$5:X$670) -> 18696 | G35: =D35/C35 -> 1.3610702 | H35: =E35/C35 -> 1.2320966 | I35: =F35/C35 -> 1.4068205 | J35: =SUMIF(Data_Entry!$C$5:$C$670,B35,Data_Entry!AK$5:AK$670) -> 995.03467 | K35: =SUMIF(Data_Entry!$C$5:$C$670,B35,Data_Entry!AL$5:AL$670) -> 2524 | L35: =IF(((D35-E35)/D35)<0,0,(D35-E35)/D35) -> 0.094758956 | M35: =IF((D35-F35)/D35<0,0,(D35-F35)/D35) -> 0 | N35: =_xlfn.IFS(G35<95%,"Mauvaise",G35>=95%,"Bonne") -> Bonne | O35: =_xlfn.IFS(L35>10%,"Mauvaise",L35<=10%,"Bonne") -> Bonne | P35: =IF(AND(L35<=10%,G35>=90%),1,IF(AND(L35<=10%,G35<90%),3,IF(AND(L35>10%,G35>=90%),2,IF(AND(L35>10%,G35<90%),4,)))) -> 1 | Q35: =VLOOKUP(B35,Data_Entry!$AO$4:$AZ$38,12,FALSE) -> 0.0067873303 | R35: =_xlfn.IFS(P35=1,4,P35=2,3,P35=3,2,P35=4,1) -> 4
B36: Mweso | C36: =SUMIF(Data_Entry!$C$5:$C$670,B36,Data_Entry!H$5:H$670) -> 15246.414 | D36: =SUMIF(Data_Entry!$C$5:$C$670,B36,Data_Entry!O$5:O$670) -> 15866 | E36: =SUMIF(Data_Entry!$C$5:$C$670,B36,Data_Entry!Q$5:Q$670) -> 15186 | F36: =SUMIF(Data_Entry!$C$5:$C$670,B36,Data_Entry!X$5:X$670) -> 13502 | G36: =D36/C36 -> 1.0406381 | H36: =E36/C36 -> 0.99603749 | I36: =F36/C36 -> 0.88558529 | J36: =SUMIF(Data_Entry!$C$5:$C$670,B36,Data_Entry!AK$5:AK$670) -> 1208.3547 | K36: =SUMIF(Data_Entry!$C$5:$C$670,B36,Data_Entry!AL$5:AL$670) -> 3216 | L36: =IF(((D36-E36)/D36)<0,0,(D36-E36)/D36) -> 0.042858944 | M36: =IF((D36-F36)/D36<0,0,(D36-F36)/D36) -> 0.14899786 | N36: =_xlfn.IFS(G36<95%,"Mauvaise",G36>=95%,"Bonne") -> Bonne | O36: =_xlfn.IFS(L36>10%,"Mauvaise",L36<=10%,"Bonne") -> Bonne | P36: =IF(AND(L36<=10%,G36>=90%),1,IF(AND(L36<=10%,G36<90%),3,IF(AND(L36>10%,G36>=90%),2,IF(AND(L36>10%,G36<90%),4,)))) -> 1 | Q36: =VLOOKUP(B36,Data_Entry!$AO$4:$AZ$38,12,FALSE) -> 0.50592157 | R36: =_xlfn.IFS(P36=1,4,P36=2,3,P36=3,2,P36=4,1) -> 4
... B41: Walikale | C41: =SUMIF(Data_Entry!$C$5:$C$670,B41,Data_Entry!H$5:H$670) -> 6022.9838 | D41: =SUMIF(Data_Entry!$C$5:$C$670,B41,Data_Entry!O$5:O$670) -> 7013 | E41: =SUMIF(Data_Entry!$C$5:$C$670,B41,Data_Entry!Q$5:Q$670) -> 6822 | F41: =SUMIF(Data_Entry!$C$5:$C$670,B41,Data_Entry!X$5:X$670) -> 6082 | G41: =D41/C41 -> 1.164373 | H41: =E41/C41 -> 1.1326612 | I41: =F41/C41 -> 1.0097985 | J41: =SUMIF(Data_Entry!$C$5:$C$670,B41,Data_Entry!AK$5:AK$670) -> 118.87275 | K41: =SUMIF(Data_Entry!$C$5:$C$670,B41,Data_Entry!AL$5:AL$670) -> 1015 | L41: =IF(((D41-E41)/D41)<0,0,(D41-E41)/D41) -> 0.027235135 | M41: =IF((D41-F41)/D41<0,0,(D41-F41)/D41) -> 0.13275346 | N41: =_xlfn.IFS(G41<95%,"Mauvaise",G41>=95%,"Bonne") -> Bonne | O41: =_xlfn.IFS(L41>10%,"Mauvaise",L41<=10%,"Bonne") -> Bonne | P41: =IF(AND(L41<=10%,G41>=90%),1,IF(AND(L41<=10%,G41<90%),3,IF(AND(L41>10%,G41>=90%),2,IF(AND(L41>10%,G41<90%),4,)))) -> 1 | Q41: =VLOOKUP(B41,Data_Entry!$AO$4:$AZ$38,12,FALSE) -> 0 | R41: =_xlfn.IFS(P41=1,4,P41=2,3,P41=3,2,P41=4,1) -> 4
B42: ANT. GOMA | C42: =SUM(C25:C41) -> 169504.53 | D42: =SUM(D25:D41) -> 189689 | E42: =SUM(E25:E41) -> 180550 | F42: =SUM(F25:F41) -> 179207 | G42: =D42/C42 -> 1.1190792 | H42: =E42/C42 -> 1.0651633 | I42: =F42/C42 -> 1.0572402 | J42: =SUM(J25:J41) -> 16273.05 | K42: =SUM(K25:K41) -> 21046 | L42: =IF(((D42-E42)/D42)<0,0,(D42-E42)/D42) -> 0.048178861 | M42: =IF((D42-F42)/D42<0,0,(D42-F42)/D42) -> 0.055258871 | N42: =_xlfn.IFS(G42<95%,"Mauvaise",G42>=95%,"Bonne") -> Bonne | O42: =_xlfn.IFS(L42>10%,"Mauvaise",L42<=10%,"Bonne") -> Bonne | P42: =IF(AND(L42<=10%,G42>=90%),1,IF(AND(L42<=10%,G42<90%),3,IF(AND(L42>10%,G42>=90%),2,IF(AND(L42>10%,G42<90%),4,)))) -> 1
B43: NORD KIVU | C43: =SUM(C42,C24) -> 314166.6 | D43: =SUM(D42,D24) -> 326126 | E43: =SUM(E42,E24) -> 311674 | F43: =SUM(F42,F24) -> 316046 | G43: =D43/C43 -> 1.0380671 | H43: =E43/C43 -> 0.99206599 | I43: =F43/C43 -> 1.0059822 | J43: =SUM(J24,J42) -> 33217.047 | K43: =SUM(K24,K42) -> 29601 | L43: =IF(((D43-E43)/D43)<0,0,(D43-E43)/D43) -> 0.044314161 | M43: =IF((D43-F43)/D43<0,0,(D43-F43)/D43) -> 0.030908299 | N43: =_xlfn.IFS(G43<95%,"Mauvaise",G43>=95%,"Bonne") -> Bonne | O43: =_xlfn.IFS(L43>10%,"Mauvaise",L43<=10%,"Bonne") -> Bonne | P43: =IF(AND(L43<=10%,G43>=90%),1,IF(AND(L43<=10%,G43<90%),3,IF(AND(L43>10%,G43>=90%),2,IF(AND(L43>10%,G43<90%),4,)))) -> 1

Sheet MASHAKO
A1: PERIODE : | B1: =Data_Entry!AZ3 -> 45596 | C1: SELECTIONEZ
C2: Evolution des Scores par ZS
C3: Tendences annuelle des Scores par ZS
C4: Scores Mensuels Province
A7: ANTENNE | B7: ZS | C7: Supervision des Zones de Santé par la province | D7: Supervision ZS vers AS | E7: Disponibilité des vaccins et intrants | F7: Fonctionnalité de la CDF | G7: Score de séances fixes | H7: Score de séances avancées | I7: Disponibilité des cartes de vaccinations | J7: Suivi des enfants | K7: Réunions | L7: Rapport de données | M7: Score total
A8: Butembo | B8: Alimbongo | C8: =VLOOKUP($B8,Data_Entry!$AO$4:$AZ$38,2,FALSE) -> 0 | D8: =VLOOKUP($B8,Data_Entry!$AO$4:$AZ$38,3,FALSE) -> 0.61904762 | E8: =VLOOKUP($B8,Data_Entry!$AO$4:$AZ$38,4,FALSE) -> 0.69230769 | F8: =VLOOKUP($B8,Data_Entry!$AO$4:$AZ$38,5,FALSE) -> 1 | G8: =VLOOKUP($B8,Data_Entry!$AO$4:$AZ$38,6,FALSE) -> 0.38461538 | H8: =VLOOKUP($B8,Data_Entry!$AO$4:$AZ$38,7,FALSE) -> 0.77777778 | I8: =VLOOKUP($B8,Data_Entry!$AO$4:$AZ$38,8,FALSE) -> 1 | J8: =VLOOKUP($B8,Data_Entry!$AO$4:$AZ$38,9,FALSE) -> 0.38461538 | K8: =VLOOKUP($B8,Data_Entry!$AO$4:$AZ$38,10,FALSE) -> 0 | L8: =VLOOKUP($B8,Data_Entry!$AO$4:$AZ$38,11,FALSE) -> 0 | M8: =VLOOKUP($B8,Data_Entry!$AO$4:$AZ$38,12,FALSE) -> 0.60952381
B9: Beni | C9: =VLOOKUP($B9,Data_Entry!$AO$4:$AZ$38,2,FALSE) -> 0 | D9: =VLOOKUP($B9,Data_Entry!$AO$4:$AZ$38,3,FALSE) -> 0 | E9: =VLOOKUP($B9,Data_Entry!$AO$4:$AZ$38,4,FALSE) -> 0 | F9: =VLOOKUP($B9,Data_Entry!$AO$4:$AZ$38,5,FALSE) -> 0 | G9: =VLOOKUP($B9,Data_Entry!$AO$4:$AZ$38,6,FALSE) -> 0 | H9: =VLOOKUP($B9,Data_Entry!$AO$4:$AZ$38,7,FALSE) -> 0 | I9: =VLOOKUP($B9,Data_Entry!$AO$4:$AZ$38,8,FALSE) -> 0 | J9: =VLOOKUP($B9,Data_Entry!$AO$4:$AZ$38,9,FALSE) -> 0 | K9: =VLOOKUP($B9,Data_Entry!$AO$4:$AZ$38,10,FALSE) -> 0 | L9: =VLOOKUP($B9,Data_Entry!$AO$4:$AZ$38,11,FALSE) -> 0 | M9: =VLOOKUP($B9,Data_Entry!$AO$4:$AZ$38,12,FALSE) -> 0
B10: Biena | C10: =VLOOKUP($B10,Data_Entry!$AO$4:$AZ$38,2,FALSE) -> 0 | D10: =VLOOKUP($B10,Data_Entry!$AO$4:$AZ$38,3,FALSE) -> 0.75 | E10: =VLOOKUP($B10,Data_Entry!$AO$4:$AZ$38,4,FALSE) -> 0.36363636 | F10: =VLOOKUP($B10,Data_Entry!$AO$4:$AZ$38,5,FALSE) -> 0.90909091 | G10: =VLOOKUP($B10,Data_Entry!$AO$4:$AZ$38,6,FALSE) -> 0.41666667 | H10: =VLOOKUP($B10,Data_Entry!$AO$4:$AZ$38,7,FALSE) -> 0.75 | I10: =VLOOKUP($B10,Data_Entry!$AO$4:$AZ$38,8,FALSE) -> 0.75 | J10: =VLOOKUP($B10,Data_Entry!$AO$4:$AZ$38,9,FALSE) -> 0.41666667 | K10: =VLOOKUP($B10,Data_Entry!$AO$4:$AZ$38,10,FALSE) -> 0 | L10: =VLOOKUP($B10,Data_Entry!$AO$4:$AZ$38,11,FALSE) -> 0 | M10: =VLOOKUP($B10,Data_Entry!$AO$4:$AZ$38,12,FALSE) -> 0.52765152
B11: Butembo | C11: =VLOOKUP($B11,Data_Entry!$AO$4:$AZ$38,2,FALSE) -> 0 | D11: =VLOOKUP($B11,Data_Entry!$AO$4:$AZ$38,3,FALSE) -> 0.875 | E11: =VLOOKUP($B11,Data_Entry!$AO$4:$AZ$38,4,FALSE) -> 0.5 | F11: =VLOOKUP($B11,Data_Entry!$AO$4:$AZ$38,5,FALSE) -> 1 | G11: =VLOOKUP($B11,Data_Entry!$AO$4:$AZ$38,6,FALSE) -> 0.64285714 | H11: =VLOOKUP($B11,Data_Entry!$AO$4:$AZ$38,7,FALSE) -> 1 | I11: =VLOOKUP($B11,Data_Entry!$AO$4:$AZ$38,8,FALSE) -> 0.85714286 | J11: =VLOOKUP($B11,Data_Entry!$AO$4:$AZ$38,9,FALSE) -> 0.42857143 | K11: =VLOOKUP($B11,Data_Entry!$AO$4:$AZ$38,10,FALSE) -> 0 | L11: =VLOOKUP($B11,Data_Entry!$AO$4:$AZ$38,11,FALSE) -> 0 | M11: =VLOOKUP($B11,Data_Entry!$AO$4:$AZ$38,12,FALSE) -> 0.66696429
B12: Kalunguta | C12: =VLOOKUP($B12,Data_Entry!$AO$4:$AZ$38,2,FALSE) -> 0 | D12: =VLOOKUP($B12,Data_Entry!$AO$4:$AZ$38,3,FALSE) -> 0.33333333 | E12: =VLOOKUP($B12,Data_Entry!$AO$4:$AZ$38,4,FALSE) -> 0.66666667 | F12: =VLOOKUP($B12,Data_Entry!$AO$4:$AZ$38,5,FALSE) -> 1 | G12: =VLOOKUP($B12,Data_Entry!$AO$4:$AZ$38,6,FALSE) -> 0.33333333 | H12: =VLOOKUP($B12,Data_Entry!$AO$4:$AZ$38,7,FALSE) -> 1 | I12: =VLOOKUP($B12,Data_Entry!$AO$4:$AZ$38,8,FALSE) -> 1 | J12: =VLOOKUP($B12,Data_Entry!$AO$4:$AZ$38,9,FALSE) -> 0.66666667 | K12: =VLOOKUP($B12,Data_Entry!$AO$4:$AZ$38,10,FALSE) -> 0 | L12: =VLOOKUP($B12,Data_Entry!$AO$4:$AZ$38,11,FALSE) -> 0 | M12: =VLOOKUP($B12,Data_Entry!$AO$4:$AZ$38,12,FALSE) -> 0.6
B13: Kamango | C13: =VLOOKUP($B13,Data_Entry!$AO$4:$AZ$38,2,FALSE) -> 0 | D13: =VLOOKUP($B13,Data_Entry!$AO$4:$AZ$38,3,FALSE) -> 0.14285714 | E13: =VLOOKUP($B13,Data_Entry!$AO$4:$AZ$38,4,FALSE) -> 0 | F13: =VLOOKUP($B13,Data_Entry!$AO$4:$AZ$38,5,FALSE) -> 0 | G13: =VLOOKUP($B13,Data_Entry!$AO$4:$AZ$38,6,FALSE) -> 0.5 | H13: =VLOOKUP($B13,Data_Entry!$AO$4:$AZ$38,7,FALSE) -> 1 | I13: =VLOOKUP($B13,Data_Entry!$AO$4:$AZ$38,8,FALSE) -> 0 | J13: =VLOOKUP($B13,Data_Entry!$AO$4:$AZ$38,9,FALSE) -> 0.5 | K13: =VLOOKUP($B13,Data_Entry!$AO$4:$AZ$38,10,FALSE) -> 0 | L13: =VLOOKUP($B13,Data_Entry!$AO$4:$AZ$38,11,FALSE) -> 0 | M13: =VLOOKUP($B13,Data_Entry!$AO$4:$AZ$38,12,FALSE) -> 0.27142857
B14: Katwa | C14: =VLOOKUP($B14,Data_Entry!$AO$4:$AZ$38,2,FALSE) -> 0 | D14: =VLOOKUP($B14,Data_Entry!$AO$4:$AZ$38,3,FALSE) -> 0.65 | E14: =VLOOKUP($B14,Data_Entry!$AO$4:$AZ$38,4,FALSE) -> 0.625 | F14: =VLOOKUP($B14,Data_Entry!$AO$4:$AZ$38,5,FALSE) -> 1 | G14: =VLOOKUP($B14,Data_Entry!$AO$4:$AZ$38,6,FALSE) -> 0.30769231 | H14: =VLOOKUP($B14,Data_Entry!$AO$4:$AZ$38,7,FALSE) -> 1 | I14: =VLOOKUP($B14,Data_Entry!$AO$4:$AZ$38,8,FALSE) -> 0.46153846 | J14: =VLOOKUP($B14,Data_Entry!$AO$4:$AZ$38,9,FALSE) -> 0.76923077 | K14: =VLOOKUP($B14,Data_Entry!$AO$4:$AZ$38,10,FALSE) -> 0 | L14: =VLOOKUP($B14,Data_Entry!$AO$4:$AZ$38,11,FALSE) -> 0 | M14: =VLOOKUP($B14,Data_Entry!$AO$4:$AZ$38,12,FALSE) -> 0.61144231
B15: Kayna | C15: =VLOOKUP($B15,Data_Entry!$AO$4:$AZ$38,2,FALSE) -> 0 | D15: =VLOOKUP($B15,Data_Entry!$AO$4:$AZ$38,3,FALSE) -> 0.043478261 | E15: =VLOOKUP($B15,Data_Entry!$AO$4:$AZ$38,4,FALSE) -> 0 | F15: =VLOOKUP($B15,Data_Entry!$AO$4:$AZ$38,5,FALSE) -> 0 | G15: =VLOOKUP($B15,Data_Entry!$AO$4:$AZ$38,6,FALSE) -> 1 | H15: =VLOOKUP($B15,Data_Entry!$AO$4:$AZ$38,7,FALSE) -> 0 | I15: =VLOOKUP($B15,Data_Entry!$AO$4:$AZ$38,8,FALSE) -> 0 | J15: =VLOOKUP($B15,Data_Entry!$AO$4:$AZ$38,9,FALSE) -> 1 | K15: =VLOOKUP($B15,Data_Entry!$AO$4:$AZ$38,10,FALSE) -> 0 | L15: =VLOOKUP($B15,Data_Entry!$AO$4:$AZ$38,11,FALSE) -> 0 | M15: =VLOOKUP($B15,Data_Entry!$AO$4:$AZ$38,12,FALSE) -> 0.24296675
B16: Kyondo | C16: =VLOOKUP($B16,Data_Entry!$AO$4:$AZ$38,2,FALSE) -> 0 | D16: =VLOOKUP($B16,Data_Entry!$AO$4:$AZ$38,3,FALSE) -> 0.39130435 | E16: =VLOOKUP($B16,Data_Entry!$AO$4:$AZ$38,4,FALSE) -> 0.71428571 | F16: =VLOOKUP($B16,Data_Entry!$AO$4:$AZ$38,5,FALSE) -> 1 | G16: =VLOOKUP($B16,Data_Entry!$AO$4:$AZ$38,6,FALSE) -> 0.55555556 | H16: =VLOOKUP($B16,Data_Entry!$AO$4:$AZ$38,7,FALSE) -> 1 | I16: =VLOOKUP($B16,Data_Entry!$AO$4:$AZ$38,8,FALSE) -> 0.77777778 | J16: =VLOOKUP($B16,Data_Entry!$AO$4:$AZ$38,9,FALSE) -> 0.88888889 | K16: =VLOOKUP($B16,Data_Entry!$AO$4:$AZ$38,10,FALSE) -> 0 | L16: =VLOOKUP($B16,Data_Entry!$AO$4:$AZ$38,11,FALSE) -> 0 | M16: =VLOOKUP($B16,Data_Entry!$AO$4:$AZ$38,12,FALSE) -> 0.65393375
B17: Lubero | C17: =VLOOKUP($B17,Data_Entry!$AO$4:$AZ$38,2,FALSE) -> 0 | D17: =VLOOKUP($B17,Data_Entry!$AO$4:$AZ$38,3,FALSE) -> 0 | E17: =VLOOKUP($B17,Data_Entry!$AO$4:$AZ$38,4,FALSE) -> 0 | F17: =VLOOKUP($B17,Data_Entry!$AO$4:$AZ$38,5,FALSE) -> 0 | G17: =VLOOKUP($B17,Data_Entry!$AO$4:$AZ$38,6,FALSE) -> 0 | H17: =VLOOKUP($B17,Data_Entry!$AO$4:$AZ$38,7,FALSE) -> 0 | I17: =VLOOKUP($B17,Data_Entry!$AO$4:$AZ$38,8,FALSE) -> 0 | J17: =VLOOKUP($B17,Data_Entry!$AO$4:$AZ$38,9,FALSE) -> 0 | K17: =VLOOKUP($B17,Data_Entry!$AO$4:$AZ$38,10,FALSE) -> 0 | L17: =VLOOKUP($B17,Data_Entry!$AO$4:$AZ$38,11,FALSE) -> 0 | M17: =VLOOKUP($B17,Data_Entry!$AO$4:$AZ$38,12,FALSE) -> 0
B18: Mabalako | C18: =VLOOKUP($B18,Data_Entry!$AO$4:$AZ$38,2,FALSE) -> 0 | D18: =VLOOKUP($B18,Data_Entry!$AO$4:$AZ$38,3,FALSE) -> 0.125 | E18: =VLOOKUP($B18,Data_Entry!$AO$4:$AZ$38,4,FALSE) -> 0.5 | F18: =VLOOKUP($B18,Data_Entry!$AO$4:$AZ$38,5,FALSE) -> 1 | G18: =VLOOKUP($B18,Data_Entry!$AO$4:$AZ$38,6,FALSE) -> 0 | H18: =VLOOKUP($B18,Data_Entry!$AO$4:$AZ$38,7,FALSE) -> 1 | I18: =VLOOKUP($B18,Data_Entry!$AO$4:$AZ$38,8,FALSE) -> 0.5 | J18: =VLOOKUP($B18,Data_Entry!$AO$4:$AZ$38,9,FALSE) -> 0.5 | K18: =VLOOKUP($B18,Data_Entry!$AO$4:$AZ$38,10,FALSE) -> 0 | L18: =VLOOKUP($B18,Data_Entry!$AO$4:$AZ$38,11,FALSE) -> 0 | M18: =VLOOKUP($B18,Data_Entry!$AO$4:$AZ$38,12,FALSE) -> 0.44375
B19: Manguredjipa | C19: =VLOOKUP($B19,Data_Entry!$AO$4:$AZ$38,2,FALSE) -> 0 | D19: =VLOOKUP($B19,Data_Entry!$AO$4:$AZ$38,3,FALSE) -> 0.5 | E19: =VLOOKUP($B19,Data_Entry!$AO$4:$AZ$38,4,FALSE) -> 1 | F19: =VLOOKUP($B19,Data_Entry!$AO$4:$AZ$38,5,FALSE) -> 1 | G19: =VLOOKUP($B19,Data_Entry!$AO$4:$AZ$38,6,FALSE) -> 0.6 | H19: =VLOOKUP($B19,Data_Entry!$AO$4:$AZ$38,7,FALSE) -> 0.5 | I19: =VLOOKUP($B19,Data_Entry!$AO$4:$AZ$38,8,FALSE) -> 1 | J19: =VLOOKUP($B19,Data_Entry!$AO$4:$AZ$38,9,FALSE) -> 0.2 | K19: =VLOOKUP($B19,Data_Entry!$AO$4:$AZ$38,10,FALSE) -> 0 | L19: =VLOOKUP($B19,Data_Entry!$AO$4:$AZ$38,11,FALSE) -> 0 | M19: =VLOOKUP($B19,Data_Entry!$AO$4:$AZ$38,12,FALSE) -> 0.65
B20: Masereka | C20: =VLOOKUP($B20,Data_Entry!$AO$4:$AZ$38,2,FALSE) -> 0 | D20: =VLOOKUP($B20,Data_Entry!$AO$4:$AZ$38,3,FALSE) -> 0.125 | E20: =VLOOKUP($B20,Data_Entry!$AO$4:$AZ$38,4,FALSE) -> 0 | F20: =VLOOKUP($B20,Data_Entry!$AO$4:$AZ$38,5,FALSE) -> 1 | G20: =VLOOKUP($B20,Data_Entry!$AO$4:$AZ$38,6,FALSE) -> 0 | H20: =VLOOKUP($B20,Data_Entry!$AO$4:$AZ$38,7,FALSE) -> 0 | I20: =VLOOKUP($B20,Data_Entry!$AO$4:$AZ$38,8,FALSE) -> 1 | J20: =VLOOKUP($B20,Data_Entry!$AO$4:$AZ$38,9,FALSE) -> 1 | K20: =VLOOKUP($B20,Data_Entry!$AO$4:$AZ$38,10,FALSE) -> 0 | L20: =VLOOKUP($B20,Data_Entry!$AO$4:$AZ$38,11,FALSE) -> 0 | M20: =VLOOKUP($B20,Data_Entry!$AO$4:$AZ$38,12,FALSE) -> 0.25735294
... B24: Vuhovi | C24: =VLOOKUP($B24,Data_Entry!$AO$4:$AZ$38,2,FALSE) -> 0 | D24: =VLOOKUP($B24,Data_Entry!$AO$4:$AZ$38,3,FALSE) -> 0 | E24: =VLOOKUP($B24,Data_Entry!$AO$4:$AZ$38,4,FALSE) -> 0 | F24: =VLOOKUP($B24,Data_Entry!$AO$4:$AZ$38,5,FALSE) -> 0 | G24: =VLOOKUP($B24,Data_Entry!$AO$4:$AZ$38,6,FALSE) -> 0 | H24: =VLOOKUP($B24,Data_Entry!$AO$4:$AZ$38,7,FALSE) -> 0 | I24: =VLOOKUP($B24,Data_Entry!$AO$4:$AZ$38,8,FALSE) -> 0 | J24: =VLOOKUP($B24,Data_Entry!$AO$4:$AZ$38,9,FALSE) -> 0 | K24: =VLOOKUP($B24,Data_Entry!$AO$4:$AZ$38,10,FALSE) -> 0 | L24: =VLOOKUP($B24,Data_Entry!$AO$4:$AZ$38,11,FALSE) -> 0 | M24: =VLOOKUP($B24,Data_Entry!$AO$4:$AZ$38,12,FALSE) -> 0
A25: Goma | B25: Bambo | C25: =VLOOKUP($B25,Data_Entry!$AO$4:$AZ$38,2,FALSE) -> 0 | D25: =VLOOKUP($B25,Data_Entry!$AO$4:$AZ$38,3,FALSE) -> 0.92307692 | E25: =VLOOKUP($B25,Data_Entry!$AO$4:$AZ$38,4,FALSE) -> 1 | F25: =VLOOKUP($B25,Data_Entry!$AO$4:$AZ$38,5,FALSE) -> 1 | G25: =VLOOKUP($B25,Data_Entry!$AO$4:$AZ$38,6,FALSE) -> 0.25 | H25: =VLOOKUP($B25,Data_Entry!$AO$4:$AZ$38,7,FALSE) -> 1 | I25: =VLOOKUP($B25,Data_Entry!$AO$4:$AZ$38,8,FALSE) -> 1 | J25: =VLOOKUP($B25,Data_Entry!$AO$4:$AZ$38,9,FALSE) -> 1 | K25: =VLOOKUP($B25,Data_Entry!$AO$4:$AZ$38,10,FALSE) -> 0 | L25: =VLOOKUP($B25,Data_Entry!$AO$4:$AZ$38,11,FALSE) -> 0 | M25: =VLOOKUP($B25,Data_Entry!$AO$4:$AZ$38,12,FALSE) -> 0.77596154
B26: Binza | C26: =VLOOKUP($B26,Data_Entry!$AO$4:$AZ$38,2,FALSE) -> 0 | D26: =VLOOKUP($B26,Data_Entry!$AO$4:$AZ$38,3,FALSE) -> 0.35714286 | E26: =VLOOKUP($B26,Data_Entry!$AO$4:$AZ$38,4,FALSE) -> 0.66666667 | F26: =VLOOKUP($B26,Data_Entry!$AO$4:$AZ$38,5,FALSE) -> 1 | G26: =VLOOKUP($B26,Data_Entry!$AO$4:$AZ$38,6,FALSE) -> 1 | H26: =VLOOKUP($B26,Data_Entry!$AO$4:$AZ$38,7,FALSE) -> 1 | I26: =VLOOKUP($B26,Data_Entry!$AO$4:$AZ$38,8,FALSE) -> 0.6 | J26: =VLOOKUP($B26,Data_Entry!$AO$4:$AZ$38,9,FALSE) -> 0.8 | K26: =VLOOKUP($B26,Data_Entry!$AO$4:$AZ$38,10,FALSE) -> 0 | L26: =VLOOKUP($B26,Data_Entry!$AO$4:$AZ$38,11,FALSE) -> 0 | M26: =VLOOKUP($B26,Data_Entry!$AO$4:$AZ$38,12,FALSE) -> 0.6902381
B27: Birambizo | C27: =VLOOKUP($B27,Data_Entry!$AO$4:$AZ$38,2,FALSE) -> 0 | D27: =VLOOKUP($B27,Data_Entry!$AO$4:$AZ$38,3,FALSE) -> 0.5 | E27: =VLOOKUP($B27,Data_Entry!$AO$4:$AZ$38,4,FALSE) -> 0.75 | F27: =VLOOKUP($B27,Data_Entry!$AO$4:$AZ$38,5,FALSE) -> 0.75 | G27: =VLOOKUP($B27,Data_Entry!$AO$4:$AZ$38,6,FALSE) -> 0.14285714 | H27: =VLOOKUP($B27,Data_Entry!$AO$4:$AZ$38,7,FALSE) -> 1 | I27: =VLOOKUP($B27,Data_Entry!$AO$4:$AZ$38,8,FALSE) -> 0.42857143 | J27: =VLOOKUP($B27,Data_Entry!$AO$4:$AZ$38,9,FALSE) -> 0.71428571 | K27: =VLOOKUP($B27,Data_Entry!$AO$4:$AZ$38,10,FALSE) -> 0 | L27: =VLOOKUP($B27,Data_Entry!$AO$4:$AZ$38,11,FALSE) -> 0 | M27: =VLOOKUP($B27,Data_Entry!$AO$4:$AZ$38,12,FALSE) -> 0.56607143
B28: Goma | C28: =VLOOKUP($B28,Data_Entry!$AO$4:$AZ$38,2,FALSE) -> 0 | D28: =VLOOKUP($B28,Data_Entry!$AO$4:$AZ$38,3,FALSE) -> 0.5 | E28: =VLOOKUP($B28,Data_Entry!$AO$4:$AZ$38,4,FALSE) -> 1 | F28: =VLOOKUP($B28,Data_Entry!$AO$4:$AZ$38,5,FALSE) -> 1 | G28: =VLOOKUP($B28,Data_Entry!$AO$4:$AZ$38,6,FALSE) -> 0.2 | H28: =VLOOKUP($B28,Data_Entry!$AO$4:$AZ$38,7,FALSE) -> 0 | I28: =VLOOKUP($B28,Data_Entry!$AO$4:$AZ$38,8,FALSE) -> 0.8 | J28: =VLOOKUP($B28,Data_Entry!$AO$4:$AZ$38,9,FALSE) -> 0.6 | K28: =VLOOKUP($B28,Data_Entry!$AO$4:$AZ$38,10,FALSE) -> 0 | L28: =VLOOKUP($B28,Data_Entry!$AO$4:$AZ$38,11,FALSE) -> 0 | M28: =VLOOKUP($B28,Data_Entry!$AO$4:$AZ$38,12,FALSE) -> 0.61764706
B29: Itebero | C29: =VLOOKUP($B29,Data_Entry!$AO$4:$AZ$38,2,FALSE) -> 0 | D29: =VLOOKUP($B29,Data_Entry!$AO$4:$AZ$38,3,FALSE) -> 0.033333333 | E29: =VLOOKUP($B29,Data_Entry!$AO$4:$AZ$38,4,FALSE) -> 1 | F29: =VLOOKUP($B29,Data_Entry!$AO$4:$AZ$38,5,FALSE) -> 1 | G29: =VLOOKUP($B29,Data_Entry!$AO$4:$AZ$38,6,FALSE) -> 0 | H29: =VLOOKUP($B29,Data_Entry!$AO$4:$AZ$38,7,FALSE) -> 0 | I29: =VLOOKUP($B29,Data_Entry!$AO$4:$AZ$38,8,FALSE) -> 0 | J29: =VLOOKUP($B29,Data_Entry!$AO$4:$AZ$38,9,FALSE) -> 1 | K29: =VLOOKUP($B29,Data_Entry!$AO$4:$AZ$38,10,FALSE) -> 0 | L29: =VLOOKUP($B29,Data_Entry!$AO$4:$AZ$38,11,FALSE) -> 0 | M29: =VLOOKUP($B29,Data_Entry!$AO$4:$AZ$38,12,FALSE) -> 0.47647059
B30: Karisimbi | C30: =VLOOKUP($B30,Data_Entry!$AO$4:$AZ$38,2,FALSE) -> 0 | D30: =VLOOKUP($B30,Data_Entry!$AO$4:$AZ$38,3,FALSE) -> 0 | E30: =VLOOKUP($B30,Data_Entry!$AO$4:$AZ$38,4,FALSE) -> 0 | F30: =VLOOKUP($B30,Data_Entry!$AO$4:$AZ$38,5,FALSE) -> 0 | G30: =VLOOKUP($B30,Data_Entry!$AO$4:$AZ$38,6,FALSE) -> 0 | H30: =VLOOKUP($B30,Data_Entry!$AO$4:$AZ$38,7,FALSE) -> 0 | I30: =VLOOKUP($B30,Data_Entry!$AO$4:$AZ$38,8,FALSE) -> 0 | J30: =VLOOKUP($B30,Data_Entry!$AO$4:$AZ$38,9,FALSE) -> 0 | K30: =VLOOKUP($B30,Data_Entry!$AO$4:$AZ$38,10,FALSE) -> 0 | L30: =VLOOKUP($B30,Data_Entry!$AO$4:$AZ$38,11,FALSE) -> 0 | M30: =VLOOKUP($B30,Data_Entry!$AO$4:$AZ$38,12,FALSE) -> 0
B31: Katoyi | C31: =VLOOKUP($B31,Data_Entry!$AO$4:$AZ$38,2,FALSE) -> 0 | D31: =VLOOKUP($B31,Data_Entry!$AO$4:$AZ$38,3,FALSE) -> 1 | E31: =VLOOKUP($B31,Data_Entry!$AO$4:$AZ$38,4,FALSE) -> 0.15789474 | F31: =VLOOKUP($B31,Data_Entry!$AO$4:$AZ$38,5,FALSE) -> 0.94736842 | G31: =VLOOKUP($B31,Data_Entry!$AO$4:$AZ$38,6,FALSE) -> 0.14285714 | H31: =VLOOKUP($B31,Data_Entry!$AO$4:$AZ$38,7,FALSE) -> 1 | I31: =VLOOKUP($B31,Data_Entry!$AO$4:$AZ$38,8,FALSE) -> 0.57142857 | J31: =VLOOKUP($B31,Data_Entry!$AO$4:$AZ$38,9,FALSE) -> 0 | K31: =VLOOKUP($B31,Data_Entry!$AO$4:$AZ$38,10,FALSE) -> 0 | L31: =VLOOKUP($B31,Data_Entry!$AO$4:$AZ$38,11,FALSE) -> 0 | M31: =VLOOKUP($B31,Data_Entry!$AO$4:$AZ$38,12,FALSE) -> 0.48421053
B32: Kibirizi | C32: =VLOOKUP($B32,Data_Entry!$AO$4:$AZ$38,2,FALSE) -> 0 | D32: =VLOOKUP($B32,Data_Entry!$AO$4:$AZ$38,3,FALSE) -> 0.75 | E32: =VLOOKUP($B32,Data_Entry!$AO$4:$AZ$38,4,FALSE) -> 0.41176471 | F32: =VLOOKUP($B32,Data_Entry!$AO$4:$AZ$38,5,FALSE) -> 0.94117647 | G32: =VLOOKUP($B32,Data_Entry!$AO$4:$AZ$38,6,FALSE) -> 0.33333333 | H32: =VLOOKUP($B32,Data_Entry!$AO$4:$AZ$38,7,FALSE) -> 1 | I32: =VLOOKUP($B32,Data_Entry!$AO$4:$AZ$38,8,FALSE) -> 0.77777778 | J32: =VLOOKUP($B32,Data_Entry!$AO$4:$AZ$38,9,FALSE) -> 0.38888889 | K32: =VLOOKUP($B32,Data_Entry!$AO$4:$AZ$38,10,FALSE) -> 0 | L32: =VLOOKUP($B32,Data_Entry!$AO$4:$AZ$38,11,FALSE) -> 0 | M32: =VLOOKUP($B32,Data_Entry!$AO$4:$AZ$38,12,FALSE) -> 0.56789216
B33: Kibua | C33: =VLOOKUP($B33,Data_Entry!$AO$4:$AZ$38,2,FALSE) -> 0 | D33: =VLOOKUP($B33,Data_Entry!$AO$4:$AZ$38,3,FALSE) -> 0.15789474 | E33: =VLOOKUP($B33,Data_Entry!$AO$4:$AZ$38,4,FALSE) -> 1 | F33: =VLOOKUP($B33,Data_Entry!$AO$4:$AZ$38,5,FALSE) -> 1 | G33: =VLOOKUP($B33,Data_Entry!$AO$4:$AZ$38,6,FALSE) -> 0 | H33: =VLOOKUP($B33,Data_Entry!$AO$4:$AZ$38,7,FALSE) -> 1 | I33: =VLOOKUP($B33,Data_Entry!$AO$4:$AZ$38,8,FALSE) -> 0.33333333 | J33: =VLOOKUP($B33,Data_Entry!$AO$4:$AZ$38,9,FALSE) -> 0 | K33: =VLOOKUP($B33,Data_Entry!$AO$4:$AZ$38,10,FALSE) -> 0 | L33: =VLOOKUP($B33,Data_Entry!$AO$4:$AZ$38,11,FALSE) -> 0 | M33: =VLOOKUP($B33,Data_Entry!$AO$4:$AZ$38,12,FALSE) -> 0.54035088
B34: Kirotshe | C34: =VLOOKUP($B34,Data_Entry!$AO$4:$AZ$38,2,FALSE) -> 0 | D34: =VLOOKUP($B34,Data_Entry!$AO$4:$AZ$38,3,FALSE) -> 0 | E34: =VLOOKUP($B34,Data_Entry!$AO$4:$AZ$38,4,FALSE) -> 0 | F34: =VLOOKUP($B34,Data_Entry!$AO$4:$AZ$38,5,FALSE) -> 0 | G34: =VLOOKUP($B34,Data_Entry!$AO$4:$AZ$38,6,FALSE) -> 0 | H34: =VLOOKUP($B34,Data_Entry!$AO$4:$AZ$38,7,FALSE) -> 0 | I34: =VLOOKUP($B34,Data_Entry!$AO$4:$AZ$38,8,FALSE) -> 0 | J34: =VLOOKUP($B34,Data_Entry!$AO$4:$AZ$38,9,FALSE) -> 0 | K34: =VLOOKUP($B34,Data_Entry!$AO$4:$AZ$38,10,FALSE) -> 0 | L34: =VLOOKUP($B34,Data_Entry!$AO$4:$AZ$38,11,FALSE) -> 0 | M34: =VLOOKUP($B34,Data_Entry!$AO$4:$AZ$38,12,FALSE) -> 0
B35: Masisi | C35: =VLOOKUP($B35,Data_Entry!$AO$4:$AZ$38,2,FALSE) -> 0 | D35: =VLOOKUP($B35,Data_Entry!$AO$4:$AZ$38,3,FALSE) -> 0.038461538 | E35: =VLOOKUP($B35,Data_Entry!$AO$4:$AZ$38,4,FALSE) -> 0 | F35: =VLOOKUP($B35,Data_Entry!$AO$4:$AZ$38,5,FALSE) -> 0 | G35: =VLOOKUP($B35,Data_Entry!$AO$4:$AZ$38,6,FALSE) -> 0 | H35: =VLOOKUP($B35,Data_Entry!$AO$4:$AZ$38,7,FALSE) -> 0 | I35: =VLOOKUP($B35,Data_Entry!$AO$4:$AZ$38,8,FALSE) -> 0 | J35: =VLOOKUP($B35,Data_Entry!$AO$4:$AZ$38,9,FALSE) -> 0 | K35: =VLOOKUP($B35,Data_Entry!$AO$4:$AZ$38,10,FALSE) -> 0 | L35: =VLOOKUP($B35,Data_Entry!$AO$4:$AZ$38,11,FALSE) -> 0 | M35: =VLOOKUP($B35,Data_Entry!$AO$4:$AZ$38,12,FALSE) -> 0.0067873303
B36: Mweso | C36: =VLOOKUP($B36,Data_Entry!$AO$4:$AZ$38,2,FALSE) -> 0 | D36: =VLOOKUP($B36,Data_Entry!$AO$4:$AZ$38,3,FALSE) -> 0.68 | E36: =VLOOKUP($B36,Data_Entry!$AO$4:$AZ$38,4,FALSE) -> 0.13333333 | F36: =VLOOKUP($B36,Data_Entry!$AO$4:$AZ$38,5,FALSE) -> 1 | G36: =VLOOKUP($B36,Data_Entry!$AO$4:$AZ$38,6,FALSE) -> 0.47058824 | H36: =VLOOKUP($B36,Data_Entry!$AO$4:$AZ$38,7,FALSE) -> 1 | I36: =VLOOKUP($B36,Data_Entry!$AO$4:$AZ$38,8,FALSE) -> 0.41176471 | J36: =VLOOKUP($B36,Data_Entry!$AO$4:$AZ$38,9,FALSE) -> 0.58823529 | K36: =VLOOKUP($B36,Data_Entry!$AO$4:$AZ$38,10,FALSE) -> 0 | L36: =VLOOKUP($B36,Data_Entry!$AO$4:$AZ$38,11,FALSE) -> 0 | M36: =VLOOKUP($B36,Data_Entry!$AO$4:$AZ$38,12,FALSE) -> 0.50592157
B37: Nyiragongo | C37: =VLOOKUP($B37,Data_Entry!$AO$4:$AZ$38,2,FALSE) -> 0 | D37: =VLOOKUP($B37,Data_Entry!$AO$4:$AZ$38,3,FALSE) -> 0.36363636 | E37: =VLOOKUP($B37,Data_Entry!$AO$4:$AZ$38,4,FALSE) -> 0.5 | F37: =VLOOKUP($B37,Data_Entry!$AO$4:$AZ$38,5,FALSE) -> 1 | G37: =VLOOKUP($B37,Data_Entry!$AO$4:$AZ$38,6,FALSE) -> 0.5 | H37: =VLOOKUP($B37,Data_Entry!$AO$4:$AZ$38,7,FALSE) -> 0 | I37: =VLOOKUP($B37,Data_Entry!$AO$4:$AZ$38,8,FALSE) -> 1 | J37: =VLOOKUP($B37,Data_Entry!$AO$4:$AZ$38,9,FALSE) -> 0.75 | K37: =VLOOKUP($B37,Data_Entry!$AO$4:$AZ$38,10,FALSE) -> 0 | L37: =VLOOKUP($B37,Data_Entry!$AO$4:$AZ$38,11,FALSE) -> 0 | M37: =VLOOKUP($B37,Data_Entry!$AO$4:$AZ$38,12,FALSE) -> 0.52005348
... B41: Walikale | C41: =VLOOKUP($B41,Data_Entry!$AO$4:$AZ$38,2,FALSE) -> 0 | D41: =VLOOKUP($B41,Data_Entry!$AO$4:$AZ$38,3,FALSE) -> 0 | E41: =VLOOKUP($B41,Data_Entry!$AO$4:$AZ$38,4,FALSE) -> 0 | F41: =VLOOKUP($B41,Data_Entry!$AO$4:$AZ$38,5,FALSE) -> 0 | G41: =VLOOKUP($B41,Data_Entry!$AO$4:$AZ$38,6,FALSE) -> 0 | H41: =VLOOKUP($B41,Data_Entry!$AO$4:$AZ$38,7,FALSE) -> 0 | I41: =VLOOKUP($B41,Data_Entry!$AO$4:$AZ$38,8,FALSE) -> 0 | J41: =VLOOKUP($B41,Data_Entry!$AO$4:$AZ$38,9,FALSE) -> 0 | K41: =VLOOKUP($B41,Data_Entry!$AO$4:$AZ$38,10,FALSE) -> 0 | L41: =VLOOKUP($B41,Data_Entry!$AO$4:$AZ$38,11,FALSE) -> 0 | M41: =VLOOKUP($B41,Data_Entry!$AO$4:$AZ$38,12,FALSE) -> 0
C44: Supervision des Zones de Santé par la province | D44: Supervision ZS vers AS (>=80%) | E44: Disponibilité des vaccins et intrants >=80% | F44: Fonctionnalité de la CDF (>=80%) | G44: Score de séances fixes (>=80%) | H44: Score de séances avancées (>=80%) | I44: Disponibilité des cartes de vaccinations (>=80%) | J44: Suivi des enfants (>=90%) | K44: Réunions (100%) | L44: Rapport de données (100%) | M44: Score total (>=80%)
B45: Butembo (Nb ZS) | C45: =COUNTIF(C8:C24,">="&80%) -> 0 | D45: =COUNTIF(D8:D24,">="&80%) -> 1 | E45: =COUNTIF(E8:E24,">="&80%) -> 1 | F45: =COUNTIF(F8:F24,">="&80%) -> 12 | G45: =COUNTIF(G8:G24,">="&80%) -> 1 | H45: =COUNTIF(H8:H24,">="&80%) -> 6 | I45: =COUNTIF(I8:I24,">="&80%) -> 6 | J45: =COUNTIF(J8:J24,">="&90%) -> 2 | K45: =COUNTIF(K8:K24,">="&100%) -> 0 | L45: =COUNTIF(L8:L24,">="&100%) -> 0 | M45: =COUNTIF(M8:M24,">="&100%) -> 0
B46: Goma (Nb ZS) | C46: =COUNTIF(C25:C41,">="&80%) -> 0 | D46: =COUNTIF(D25:D41,">="&80%) -> 2 | E46: =COUNTIF(E25:E41,">="&80%) -> 5 | F46: =COUNTIF(F25:F41,">="&80%) -> 12 | G46: =COUNTIF(G25:G41,">="&80%) -> 2 | H46: =COUNTIF(H25:H41,">="&80%) -> 9 | I46: =COUNTIF(I25:I41,">="&80%) -> 4 | J46: =COUNTIF(J25:J41,">="&90%) -> 3 | K46: =COUNTIF(K25:K41,">="&100%) -> 0 | L46: =COUNTIF(L25:L41,">="&100%) -> 0 | M46: =COUNTIF(M25:M41,">="&100%) -> 0
B47: Nord Kivu (Nb AS) | C47: =COUNTIF(C8:C41,">="&80%) -> 0 | D47: =COUNTIF(D8:D41,">="&80%) -> 3 | E47: =COUNTIF(E8:E41,">="&80%) -> 6 | F47: =COUNTIF(F8:F41,">="&80%) -> 24 | G47: =COUNTIF(G8:G41,">="&80%) -> 3 | H47: =COUNTIF(H8:H41,">="&80%) -> 15 | I47: =COUNTIF(I8:I41,">="&80%) -> 10 | J47: =COUNTIF(J8:J41,">="&90%) -> 5 | K47: =COUNTIF(K8:K41,">="&100%) -> 0 | L47: =COUNTIF(L8:L41,">="&100%) -> 0 | M47: =COUNTIF(M8:M41,">="&100%) -> 0
B48: % | C48: =C47/34 -> 0 | D48: =D47/34 -> 0.088235294 | E48: =E47/34 -> 0.17647059 | F48: =F47/34 -> 0.70588235 | G48: =G47/34 -> 0.088235294 | H48: =H47/34 -> 0.44117647 | I48: =I47/34 -> 0.29411765 | J48: =J47/34 -> 0.14705882 | ... M48: =M47/34 -> 0
B49: ZS avec Score 0% | C49: =COUNTIF(C8:C41,"="&0%) -> 34 | D49: =COUNTIF(D8:D41,"="&0%) -> 6 | E49: =COUNTIF(E8:E41,"="&0%) -> 11 | F49: =COUNTIF(F8:F41,"="&0%) -> 9 | G49: =COUNTIF(G8:G41,"="&0%) -> 11 | H49: =COUNTIF(H8:H41,"="&0%) -> 14 | I49: =COUNTIF(I8:I41,"="&0%) -> 10 | J49: =COUNTIF(J8:J41,"="&0%) -> 11 | ... M49: =COUNTIF(M8:M41,"="&0%) -> 6
A52: Antenne | B52: ZS | C52: Janvier | D52: Février | E52: Mars | F52: Avril | G52: Mai | H52: Juin | I52: Juillet | J52: Août | K52: Septembre | L52: Octobre | M52: Novembre | N52: Décembre
A53: Butembo | B53: Alimbongo | C53: 0.63655388 | D53: 0.5902381 | E53: 0.42306548 | F53: 0.72734432 | G53: 0.62095238 | H53: 0.68452381 | I53: 0.49534799 | J53: 0.46642857 | K53: 0.52547619
B54: Beni | C54: 0.40568182 | D54: 0.20454545 | E54: 0 | F54: 0.5 | G54: 0.55465368 | H54: 0.87792208 | I54: 0.63538961 | J54: 0.59261364 | K54: 0.44345434
B55: Biena | C55: 0.45125 | D55: 0.4575 | E55: 0.3125 | F55: 0.40625 | G55: 0.54977273 | H55: 0.58125 | I55: 0.4625 | J55: 0.30625 | K55: 0.491875
B56: Butembo | C56: 0.41708333 | D56: 0.44663462 | E56: 0.46875 | F56: 0.5 | G56: 0.35089286 | H56: 0.58894231 | I56: 0.66511364 | J56: 0.72831731 | K56: 0.32720588
B57: Kalunguta | C57: 0 | D57: 0.2 | E57: 0 | F57: 0.5 | G57: 0.46292929 | H57: 0.78531746 | I57: 0.64722222 | J57: 0.64238095 | K57: 0.6879085
B58: Kamango | C58: 0.057142857 | D58: 0 | E58: 0 | F58: 0 | G58: 0 | H58: 0.45821429 | I58: 0 | J58: 0 | K58: 0.63214286
B59: Katwa | C59: 0.62032895 | D59: 0.57029412 | E59: 0.36590909 | F59: 0.435 | G59: 0.6475 | H59: 0.76777778 | I59: 0.73480769 | J59: 0.59352273 | K59: 0.52352941
B60: Kayna | C60: 0.46940885 | D60: 0.50461262 | E60: 0 | F60: 0.2 | G60: 0.47938406 | H60: 0.6448056 | I60: 0.3923913 | J60: 0.39747492 | K60: 0
B61: Kyondo | C61: 0.55082816 | D61: 0.52783461 | E61: 0.32847826 | F61: 0.49637124 | G61: 0.67203632 | H61: 0.78674403 | I61: 0.71352657 | J61: 0.66596242 | K61: 0.64278813
B62: Lubero | C62: 0.50763126 | D62: 0.41190476 | E62: 0.30952381 | F62: 0.38928571 | G62: 0.51349206 | H62: 0.73952381 | I62: 0.50261905 | J62: 0.46309524 | K62: 0.26610644
B63: Mabalako | C63: 0 | D63: 0.2 | E63: 0 | F63: 0 | G63: 0.57589286 | H63: 0.64583333 | I63: 0.47960859 | J63: 0.34791667 | K63: 0.303125
B64: Manguredjipa | C64: 0.52 | D64: 0.60708333 | E64: 0.3925 | F64: 0.67732143 | G64: 0.73863636 | H64: 0.7275 | I64: 0.55928571 | J64: 0.51166667 | K64: 0.73
B65: Masereka | C65: 0.44184524 | D65: 0.25041667 | E65: 0.27375 | F65: 0.59464286 | G65: 0.70041667 | H65: 0.61041667 | I65: 0.59821429 | J65: 0.7217437 | K65: 0.39918301
... B69: Vuhovi | C69: 0.62307692 | D69: 0.51162587 | E69: 0.43814103 | F69: 0.33974359 | G69: 0.63862179 | H69: 0.64597902 | I69: 0.82147436 | J69: 0.6020979 | K69: 0.60294118
A70: Goma | B70: Bambo | C70: 0.72552448 | D70: 0.79825175 | E70: 0.80734266 | F70: 0.76188811 | G70: 0.80897436 | H70: 0.85480769 | I70: 0.73814103 | J70: 0 | K70: 0.89230769
B71: Binza | C71: 0 | D71: 0 | E71: 0 | F71: 0.16428571 | G71: 0.54126984 | H71: 0.83654762 | I71: 0.65779221 | J71: 0.76801948 | K71: 0.68767507
B72: Birambizo | C72: 0.47142857 | D72: 0.50119048 | E72: 0.43228022 | F72: 0.7047619 | G72: 0.4978022 | H72: 0.67428571 | I72: 0.68928571 | J72: 0.39285714 | K72: 0.48928571
B73: Goma | C73: 0.675 | D73: 0.67272727 | E73: 0.59 | F73: 0.47714286 | G73: 0.53863636 | H73: 0.64545455 | I73: 0.59818182 | J73: 0.62941176 | K73: 0.53529412
B74: Itebero | C74: 0.45333333 | D74: 0 | E74: 0.80333333 | F74: 0 | G74: 0 | H74: 0.031666667 | I74: 0.49595238 | J74: 0.33529412 | K74: 0
B75: Karisimbi | C75: 0.55894737 | D75: 0.74880383 | E75: 0.60631579 | F75: 0.45526316 | G75: 0.59681174 | H75: 0.83399123 | I75: 0.76925837 | J75: 0.64290271 | K75: 0.66563467
B76: Katoyi | C76: 0.3452381 | D76: 0 | E76: 0.23095238 | F76: 0.46041667 | G76: 0 | H76: 0.66892231 | I76: 0.2702381 | J76: 0.42487469 | K76: 0.38489011
B77: Kibirizi | C77: 0.45059524 | D77: 0.30037879 | E77: 0.27916667 | F77: 0.27916667 | G77: 0.40416667 | H77: 0.36833333 | I77: 0.56401515 | J77: 0.653125 | K77: 0.53000731
B78: Kibua | C78: 0 | D78: 0.50526316 | E78: 0.25526316 | F78: 0 | G78: 0.62105263 | H78: 0.42653509 | I78: 0.73568409 | J78: 0.70199248 | K78: 0.41697368
B79: Kirotshe | C79: 0.30790323 | D79: 0 | E79: 0.45322581 | F79: 0.30967742 | G79: 0.13145161 | H79: 0.65158847 | I79: 0.40322581 | J79: 0.18216319 | K79: 0.18216319
B80: Masisi | C80: 0.30769231 | D80: 0.16153846 | E80: 0.25923077 | F80: 0.30769231 | G80: 0.50454545 | H80: 0.48461538 | I80: 0.40923077 | J80: 0.54807692 | K80: 0
B81: Mweso | C81: 0.44871429 | D81: 0.46307576 | E81: 0.49722115 | F81: 0.56088889 | G81: 0.48512281 | H81: 0.53125 | I81: 0.59083333 | J81: 0.55903571 | K81: 0.60411111
B82: Nyiragongo | C82: 0.71558442 | D82: 0.72077922 | E82: 0 | F82: 0 | G82: 0.82077922 | H82: 0.83731061 | I82: 0.72792208 | J82: 0.73831169 | K82: 0.70855615
... B86: Walikale | C86: 0.23611111 | D86: 0 | E86: 0 | F86: 0.76428571 | G86: 0.58311966 | H86: 0.30555556 | I86: 0.73966503 | J86: 0.69791667 | K86: 0.66666667
B89: Période | C89: Supervision des Zones de Santé par la province | D89: Supervision des Aires de Santé par les ZS | E89: % d'aire de santé réalisant les minimun des séances avancées | F89: % d'aire de santé réalisant les minimun des séances fixes | G89: Fonctionnalité de la chaîne de froid | H89: Disponibilité des vaccins et intrants (AS+ZS) | I89: Disponibilité de carte de vaccination | J89: Suivi des enfants | K89: Performance mensuelle
B90: Janvier | C90: 0.38235294 | D90: 0.39721793 | E90: 0.61428571 | F90: 0.29182879 | G90: 0.95132743 | H90: 0.3539823 | I90: 0.81322957 | J90: 0.3151751 | K90: 0.47162193
B91: Février | C91: 0.55882353 | D91: 0.40185471 | E91: 0.73076923 | F91: 0.33461538 | G91: 0.95061728 | H91: 0.27160494 | I91: 0.78076923 | J91: 0.28076923 | K91: 0.48549565
B92: Mars | C92: 0.058823529 | D92: 0.26893354 | E92: 0.74576271 | F92: 0.28735632 | G92: 0.94968553 | H92: 0.29559748 | I92: 0.79885057 | J92: 0.41954023 | K92: 0.4323109
B93: Avril | C93: 0.38235294 | D93: 0.23647604 | E93: 0.81481481 | F93: 0.28104575 | G93: 0.95890411 | H93: 0.49315068 | I93: 0.81699346 | J93: 0.37254902 | K93: 0.52957472
B94: Mai | C94: 0.64705882 | D94: 0.55641422 | E94: 0.75438596 | F94: 0.38055556 | G94: 0.92638037 | H94: 0.45092025 | I94: 0.76666667 | J94: 0.36388889 | K94: 0.57503042
B95: Juin | C95: 0.67647059 | D95: 0.59659969 | E95: 0.76576577 | F95: 0.38341969 | G95: 0.92625369 | H95: 0.74631268 | I95: 0.72279793 | J95: 0.37046632 | K95: 0.67086723
B96: Juillet | C96: 0.47058824 | D96: 0.60896445 | E96: 0.7080292 | F96: 0.38324873 | G96: 0.9011976 | H96: 0.64371257 | I96: 0.72588832 | J96: 0.39593909 | K96: 0.61097186
B97: Août | C97: 0.52941176 | D97: 0.58578053 | E97: 0.70588235 | F97: 0.40897098 | G97: 0.93865031 | H97: 0.60429448 | I97: 0.73614776 | J97: 0.32189974 | K97: 0.60680298
B98: Septembre | C98: 0.61764706 | D98: 0.57187017 | E98: 0.68907563 | F98: 0.3972973 | G98: 0.94879518 | H98: 0.62048193 | I98: 0.71621622 | J98: 0.37297297 | K98: 0.61739122
B99: Octobre | C99: 0.58823529 | D99: 0.38485317 | E99: 0.72527473 | F99: 0.38554217 | G99: 0.93693694 | H99: 0.72972973 | I99: 0.7188755 | J99: 0.43373494 | K99: 0.63417452
B100: Novembre
B101: Décembre
B139: Période | C139: Supervision des Zones de Santé par la province | D139: Supervision des Aires de Santé par les ZS | E139: % d'aire de santé réalisant les minimun des séances avancées | F139: % d'aire de santé réalisant les minimun des séances fixes | G139: Fonctionnalité de la chaîne de froid | H139: Disponibilité des vaccins et intrants (AS+ZS) | I139: Disponibilité de carte de vaccination | J139: Suivi des enfants | K139: Performance mensuelle | L139: Objectif
B140: Janvier | C140: 0.38235294 | D140: 0.39721793 | E140: 0.61428571 | F140: 0.29182879 | G140: 0.95132743 | H140: 0.3539823 | I140: 0.81322957 | J140: 0.3151751 | K140: 0.47162193 | L140: 1
B141: Février | C141: 0.55882353 | D141: 0.40185471 | E141: 0.73076923 | F141: 0.33461538 | G141: 0.95061728 | H141: 0.27160494 | I141: 0.78076923 | J141: 0.28076923 | K141: 0.48549565 | L141: 1
B142: Mars | C142: 0.058823529 | D142: 0.26893354 | E142: 0.74576271 | F142: 0.28735632 | G142: 0.94968553 | H142: 0.29559748 | I142: 0.79885057 | J142: 0.41954023 | K142: 0.4323109 | L142: 1
B143: Avril | C143: 0.38235294 | D143: 0.23647604 | E143: 0.81481481 | F143: 0.28104575 | G143: 0.95890411 | H143: 0.49315068 | I143: 0.81699346 | J143: 0.37254902 | K143: 0.52957472 | L143: 1
B144: Mai | C144: 0.64705882 | D144: 0.54868624 | E144: 0.75221239 | F144: 0.37746479 | G144: 0.92834891 | H144: 0.45794393 | I144: 0.76338028 | J144: 0.36338028 | K144: 0.57558218 | L144: 1
B145: Juin | C145: 0.67647059 | D145: 0.5935085 | E145: 0.76576577 | F145: 0.3828125 | G145: 0.92581602 | H145: 0.75074184 | I145: 0.72135417 | J145: 0.36979167 | K145: 0.67164609 | L145: 1
B146: Juillet | C146: 0.47058824 | D146: 0.57187017 | E146: 0.70542636 | F146: 0.39189189 | G146: 0.90793651 | H146: 0.64126984 | I146: 0.72702703 | J146: 0.41351351 | K146: 0.60904521 | L146: 1
B147: Août | C147: 0 | D147: 0 | E147: 0 | F147: 0 | G147: 0 | H147: 0 | I147: 0 | J147: 0 | K147: 0 | L147: 1
B148: Septembre | C148: 0 | D148: 0 | E148: 0 | F148: 0 | G148: 0 | H148: 0 | I148: 0 | J148: 0 | K148: 0 | L148: 1
B149: Octobre | C149: 0 | D149: 0 | E149: 0 | F149: 0 | G149: 0 | H149: 0 | I149: 0 | J149: 0 | K149: 0 | L149: 1
B150: Novembre | C150: 0 | D150: 0 | E150: 0 | F150: 0 | G150: 0 | H150: 0 | I150: 0 | J150: 0 | K150: 0 | L150: 1
B151: Décembre | C151: 0 | D151: 0 | E151: 0 | F151: 0 | G151: 0 | H151: 0 | I151: 0 | J151: 0 | K151: 0 | L151: 1

Sheet Analyses_CV_ZS
A1: =INDEX(Tableau1[ZS],MATCH(1,Tableau1[Visu],0)) -> Itebero | D1: ="ZS DE"&UPPER(B8)&" : "&"CV SELON LE CALENDRIER VACCINAL DE "&UPPER(B7) -> ZS DE ITEBERO : CV SELON LE CALENDRIER VACCINAL DE JANVIER-OCTOBRE 2024 | S1: ="Synthèse Mashako"&" ZS"&" "&B8 -> Synthèse Mashako ZS Itebero
D2: =_xlfn.IFS(F8="CAT1",Dico!B2,F8="CAT2",Dico!B3,F8="CAT3",Dico!B4,F8="CAT4",Dico!B5) -> #NAME? | E2: NAISSANCE | H2: 1 MOIS ET DEMI | K2: 2 MOIS ET DEMI | N2: 3 MOIS ET DEMI | Q2: 9 MOIS | S2: INDICATEURS | V2: SCORES
A3: COORDINATION PROVINCIALE DU NORD-KIVU | E3: BCG | F3: =VLOOKUP($B$8,Analyses_CV_ZS!$C$15:$AB$52,2,FALSE) -> 0.9211405 | H3: VPO 1 | I3: =VLOOKUP($B$8,Analyses_CV_ZS!$C$15:$AB$52,4,FALSE) -> 1.0000079 | K3: VPO 2 | L3: =VLOOKUP($B$8,Analyses_CV_ZS!$C$15:$AB$52,5,FALSE) -> 0.94325655 | N3: VPO 3 | O3: =VLOOKUP($B$8,Analyses_CV_ZS!$C$15:$AB$52,6,FALSE) -> 0.96491738 | Q3: VAR 1/RR1 | R3: =VLOOKUP($B$8,Analyses_CV_ZS!$C$15:$AB$52,16,FALSE) -> 0.97300408 | S3: Supervision ZS vers AS | V3: =VLOOKUP($B$8,Data_Entry!$AO$4:$AZ$38,3,FALSE) -> 0.033333333
E4: VPO 0 | F4: =VLOOKUP($B$8,Analyses_CV_ZS!$C$15:$AB$52,3,FALSE) -> 0.51624957 | H4: PENTA 1 | I4: =VLOOKUP($B$8,Analyses_CV_ZS!$C$15:$AB$52,7,FALSE) -> 1.0524271 | K4: PENTA 2 | L4: =VLOOKUP($B$8,Analyses_CV_ZS!$C$15:$AB$52,8,FALSE) -> 1.0157481 | N4: PENTA 3 | O4: =VLOOKUP($B$8,Analyses_CV_ZS!$C$15:$AB$52,9,FALSE) -> 1.050983 | Q4: VAA | R4: =VLOOKUP($B$8,Analyses_CV_ZS!$C$15:$AB$52,18,FALSE) -> 0.96766108 | S4: Disponibilité des vaccins et intrants | V4: =VLOOKUP($B$8,Data_Entry!$AO$4:$AZ$38,4,FALSE) -> 1
A5: COUVERTURES VACCINALES / PEV DE ROUTINE PAR AIRE DE SANTE | H5: PCV-13 1 | I5: =VLOOKUP($B$8,Analyses_CV_ZS!$C$15:$AB$52,10,FALSE) -> 1.0408747 | K5: PCV-13 2 | L5: =VLOOKUP($B$8,Analyses_CV_ZS!$C$15:$AB$52,11,FALSE) -> 1.0186362 | N5: VPI 1 | O5: =VLOOKUP($B$8,Analyses_CV_ZS!$C$15:$AB$52,19,FALSE) -> 0.8915594 | Q5: VPI 2 | R5: =VLOOKUP($B$8,Analyses_CV_ZS!$C$15:$AB$52,20,FALSE) -> 0.70267704 | S5: Fonctionnalité de la CDF | V5: =VLOOKUP($B$8,Data_Entry!$AO$4:$AZ$38,5,FALSE) -> 1
H6: ROTA 1 | I6: =VLOOKUP($B$8,Analyses_CV_ZS!$C$15:$AB$52,13,FALSE) -> 1.0205135 | K6: ROTA 2 | L6: =VLOOKUP($B$8,Analyses_CV_ZS!$C$15:$AB$52,14,FALSE) -> 0.94932158 | N6: PCV-13 3 | O6: =VLOOKUP($B$8,Analyses_CV_ZS!$C$15:$AB$52,12,FALSE) -> 1.0303331 | S6: Score de séances fixes | V6: =VLOOKUP($B$8,Data_Entry!$AO$4:$AZ$38,6,FALSE) -> 0
A7: Periode | B7: ="Janvier-"&(_xlfn.IFS(Data_Entry!C1=1,"Janvier",Data_Entry!C1=2,"Février",Data_Entry!C1=3,"Mars",Data_Entry!C1=4,"Avril",Data_Entry!C1=5,"Mai",Data_Entry!C1=6,"Juin",Data_Entry!C1=7,"Juillet",Data_Entry!C1=8,"Août",Data_Entry!C1=9,"Septembre",Data_Entry!C1=10,"Octobre",Data_Entry!C1=11,"Novembre",Data_Entry!C1=12,"Décembre"))&" "&"2024" -> Janvier-Octobre 2024 | E7: =IF($A$1="","",$A$1) -> Itebero | N7: ROTA 3 | O7: =VLOOKUP($B$8,Analyses_CV_ZS!$C$15:$AB$52,15,FALSE) -> 1.003618 | Q7: 15 MOIS | S7: Score de séances avancées | V7: =VLOOKUP($B$8,Data_Entry!$AO$4:$AZ$38,7,FALSE) -> 0
A8: ZS | B8: =A1 -> Itebero | E8: CAT : | F8: =VLOOKUP($B$8,Analyses_CV_ZS!$C$15:$AC$52,27,FALSE) -> CAT1 | Q8: VAR2/RR2 | R8: =VLOOKUP($B$8,Analyses_CV_ZS!$C$15:$AB$52,17,FALSE) -> 0.70007774 | S8: Disponibilité des cartes de vacc | V8: =VLOOKUP($B$8,Data_Entry!$AO$4:$AZ$38,8,FALSE) -> 0
A9: Population | B9: =SUMIF(Data_Entry!C5:C671,Analyses_CV_AS!B8,Data_Entry!E5:E671) -> 238107 | E9: EZD : | F9: =VLOOKUP($B$8,Analyses_CV_ZS!$C$15:$AC$52,24,FALSE) -> 278.59108 | S9: Suivi des enfants | V9: =VLOOKUP($B$8,Data_Entry!$AO$4:$AZ$38,9,FALSE) -> 1
A10: NB AS | B10: =IF(SUMIF(C16:C676,B8,#REF!)>1,SUMIF(C16:C676,B8,#REF!),"") -> #REF! | E10: ESV : | F10: =VLOOKUP($B$8,Analyses_CV_ZS!$C$15:$AC$52,25,FALSE) -> 641 | Q10: FE | S10: Réunions | V10: =VLOOKUP($B$8,Data_Entry!$AO$4:$AZ$38,10,FALSE) -> 0
A11: Cible ˂ 1 an | B11: =VLOOKUP($B$8,VAL!A1:E38,2,FALSE) -> 6924.9453 | E11: Tx_Ab : | F11: =VLOOKUP($B$8,Analyses_CV_ZS!$C$15:$AC$52,26,FALSE) -> 0.0013721186 | Q11: Td1 | R11: =VLOOKUP($B$8,Analyses_CV_ZS!$C$15:$AB$52,21,FALSE) -> 0.77851554 | S11: Rapport de données | V11: =VLOOKUP($B$8,Data_Entry!$AO$4:$AZ$38,11,FALSE) -> 0
A12: Cible FE | B12: =VLOOKUP($B$8,VAL!A1:F38,6,FALSE) -> 7936.9 | E12: ECV : | F12: =VLOOKUP($B$8,Analyses_CV_ZS!$C$15:$AC$52,23,FALSE) -> 0.96766108 | Q12: Td2+ | R12: =VLOOKUP($B$8,Analyses_CV_ZS!$C$15:$AB$52,22,FALSE) -> 1.235495 | S12: SCORE TOTAL | V12: =VLOOKUP($B$8,Data_Entry!$AO$4:$AZ$38,12,FALSE) -> 0.47647059
A13: Securité | S13: ="Mise à jour du" -> Mise à jour du | U13: =Analyses_CV_AS!V13 -> 45596
C15: ZS | D15: BCG | E15: VPO 0 | F15: VPO 1 | G15: VPO 2 | H15: VPO 3 | I15: Penta 1 | J15: Penta 2 | K15: Penta 3 | L15: PCV-13 1 | M15: PCV-13 2 | N15: PCV-13 3 | O15: Rota 1 | P15: Rota 2 | Q15: Rota 3 | R15: VAR1/RR1 | S15: VAR2/RR2 | T15: VAA | U15: VPI1 | V15: VPI 2 | W15: Td 1 | X15: Td2+ | Y15: ECV | Z15: EZD | AA15: ESV | AB15: Tx_Abandon_Penta1 | AC15: Catégorisation
D16: Données
C17: ZS | D17: Somme de CV_BCG | E17: Somme de CV_VPO 0 | F17: Somme de CV_VPO 1 | G17: Somme de CV_VPO 2 | H17: Somme de CV_VPO3 | I17: Somme de CV_DTC1 | J17: Somme de CV_Penta 2 | K17: Somme de CV_DTC3 | L17: Somme de CV_PCV13 1 | M17: Somme de CV_PCV-13 2 | N17: Somme de CV_PCV13 3 | O17: Somme de Rota1 | P17: Somme de CV_Rota 2 | Q17: Somme de Rota3 | R17: Somme de CV_VAR1 | S17: Somme de CV_VAR2 | T17: Somme de CV_VAA | U17: Somme de CV_VPI | V17: Somme de CV_VPI2 | W17: Somme de CV_Td1 | X17: Somme de CV_Td2+ | Y17: Somme de ECV2 | Z17: Somme de EZD | AA17: Somme de ESV | AB17: Somme de Tx_Abandon Penta 1-3 | AF17: Valeurs
C18: Alimbongo | D18: 0.70478475 | E18: 0.74299791 | F18: 0.97132994 | G18: 0.88346575 | H18: 0.90253171 | I18: 0.96179696 | J18: 0.88622228 | K18: 0.87680415 | L18: 0.91849657 | M18: 0.84188819 | N18: 0.83235521 | O18: 0.96420892 | P18: 0.8700277 | Q18: 0.87795271 | R18: 1.0450669 | S18: 0.38510929 | T18: 0.97810639 | U18: 0.92389476 | V18: 0.68074643 | W18: 0.4464405 | X18: 0.83676278 | Y18: 0.97810639 | Z18: 1138.1323 | AA18: 297 | AB18: 0.08836876 | AC18: =IFERROR(IF(AND(AB18<=10%,I18>=90%),"CAT1",IF(AND(AB18<=10%,I18<90%),"CAT3",IF(AND(AB18>10%,I18>=90%),"CAT2",IF(AND(AB18>10%,I18<90%),"CAT4",)))),"ND") -> CAT1 | AF18: CV PCV-13 3 | AG18: 0.97214662
C19: Bambo | D19: 1.0989852 | E19: 0.7919817 | F19: 0.93907555 | G19: 0.87642746 | H19: 0.89709487 | I19: 1.0130261 | J19: 0.94924779 | K19: 0.97104545 | L19: 1.0118959 | M19: 0.95070097 | N19: 0.97120692 | O19: 1.0152866 | P19: 0.94504972 | Q19: 0.97104545 | R19: 0.97879573 | S19: 0.46372507 | T19: 0.90177733 | U19: 0.92325206 | V19: 0.44257326 | W19: 0.4603876 | X19: 0.75932961 | Y19: 0.90177733 | Z19: 293.24883 | AA19: 367 | AB19: 0.041440867 | AC19: =IFERROR(IF(AND(AB19<=10%,I19>=90%),"CAT1",IF(AND(AB19<=10%,I19<90%),"CAT3",IF(AND(AB19>10%,I19>=90%),"CAT2",IF(AND(AB19>10%,I19<90%),"CAT4",)))),"ND") -> CAT1 | AF19: CV VPI 1 | AG19: 1.0017615
C20: Beni | D20: 0.79547435 | E20: 0.46613401 | F20: 1.1596662 | G20: 1.1588287 | H20: 1.1715836 | I20: 1.0368196 | J20: 1.0586576 | K20: 1.0995635 | L20: 0.975493 | M20: 0.90585634 | N20: 1.0706395 | O20: 0.96808485 | P20: 0.91416636 | Q20: 0.8586374 | R20: 1.0573692 | S20: 0.43431115 | T20: 0.91513264 | U20: 1.0900939 | V20: 0.9538483 | W20: 0.38596215 | X20: 0.96982335 | Y20: 0.91513264 | Z20: 996.17142 | AA20: 764 | AB20: 0 | AC20: =IFERROR(IF(AND(AB20<=10%,I20>=90%),"CAT1",IF(AND(AB20<=10%,I20<90%),"CAT3",IF(AND(AB20>10%,I20>=90%),"CAT2",IF(AND(AB20>10%,I20<90%),"CAT4",)))),"ND") -> CAT1 | AF20: CV VPO3 | AG20: 0.99771904
C21: Biena | D21: 0.5169607 | E21: 0.32506928 | F21: 0.78489304 | G21: 0.73762531 | H21: 0.71108905 | I21: 0.85019714 | J21: 0.75483243 | K21: 0.74840567 | L21: 0.69636971 | M21: 0.58773687 | N21: 0.54710321 | O21: 0.75524705 | P21: 0.6422606 | Q21: 0.60204157 | R21: 0.83879483 | S21: 0.26785045 | T21: 0.77908823 | U21: 0.74073503 | V21: 0.67999186 | W21: 0.24364803 | X21: 0.50050044 | Y21: 0.77908823 | Z21: 864.008 | AA21: 268 | AB21: 0.1197269 | AC21: =IFERROR(IF(AND(AB21<=10%,I21>=90%),"CAT1",IF(AND(AB21<=10%,I21<90%),"CAT3",IF(AND(AB21>10%,I21>=90%),"CAT2",IF(AND(AB21>10%,I21<90%),"CAT4",)))),"ND") -> CAT4 | AF21: CV VAA | AG21: 0.94196837
C22: Binza | D22: 0.93421501 | E22: 0.6111557 | F22: 1.0354175 | G22: 1.0247914 | H22: 1.0408868 | I22: 1.0477625 | J22: 1.0241663 | K22: 1.0524504 | L22: 1.0496376 | M22: 1.0211973 | N22: 1.0491689 | O22: 1.0135402 | P22: 0.98541239 | Q22: 1.0202597 | R22: 1.0413556 | S22: 0.74507553 | T22: 1.0258852 | U22: 1.0572947 | V22: 1.008696 | W22: 0.20642171 | X22: 0.68743609 | Y22: 1.0258852 | Z22: 213.48783 | AA22: 320 | AB22: 0 | AC22: =IFERROR(IF(AND(AB22<=10%,I22>=90%),"CAT1",IF(AND(AB22<=10%,I22<90%),"CAT3",IF(AND(AB22>10%,I22>=90%),"CAT2",IF(AND(AB22>10%,I22<90%),"CAT4",)))),"ND") -> CAT1 | AF22: CV DTC3 | AG22: 0.99206599
C23: Birambizo | D23: 0.88435797 | E23: 0.69179105 | F23: 1.0178682 | G23: 0.92733079 | H23: 0.93816676 | I23: 1.0358331 | J23: 0.94928788 | K23: 0.95684454 | L23: 1.0372588 | M23: 0.95000077 | N23: 0.95827033 | O23: 0.98493251 | P23: 0.9026647 | Q23: 0.90965105 | R23: 0.90323501 | S23: 0.5678903 | T23: 0.92134249 | U23: 0.91977412 | V23: 0.73228335 | W23: 0.49212549 | X23: 0.67511756 | Y23: 0.90323501 | Z23: 178.36867 | AA23: 1119 | AB23: 0.076256022 | AC23: =IFERROR(IF(AND(AB23<=10%,I23>=90%),"CAT1",IF(AND(AB23<=10%,I23<90%),"CAT3",IF(AND(AB23>10%,I23>=90%),"CAT2",IF(AND(AB23>10%,I23<90%),"CAT4",)))),"ND") -> CAT1 | AF23: CV Td2+ | AG23: 0.8488339
C24: Butembo | D24: 0.7310915 | E24: 0.1807997 | F24: 0.89388293 | G24: 0.81513519 | H24: 0.85431699 | I24: 0.8605912 | J24: 0.7598197 | K24: 0.78069105 | L24: 0.87339571 | M24: 0.78184346 | N24: 0.78927008 | O24: 0.84676233 | P24: 0.83523827 | Q24: 0.72780842 | R24: 0.88440759 | S24: 0.13585586 | T24: 0.79298338 | U24: 0.87838947 | V24: 0.83421391 | W24: 0.34443079 | X24: 0.48229248 | Y24: 0.79298338 | Z24: 1251.2746 | AA24: 256 | AB24: 0.092843327 | AC24: =IFERROR(IF(AND(AB24<=10%,I24>=90%),"CAT1",IF(AND(AB24<=10%,I24<90%),"CAT3",IF(AND(AB24>10%,I24>=90%),"CAT2",IF(AND(AB24>10%,I24<90%),"CAT4",)))),"ND") -> CAT3 | AF24: CV Rota 3 | AG24: 0.91734767
C25: Goma | D25: 1.6521262 | E25: 0.88469513 | F25: 1.5905522 | G25: 1.463258 | H25: 1.4908036 | I25: 1.5869004 | J25: 1.4676402 | K25: 1.4903863 | L25: 1.5919087 | M25: 1.4664925 | N25: 1.4878821 | O25: 1.5850223 | P25: 1.4556412 | Q25: 1.4805784 | R25: 1.390742 | S25: 0.58805776 | T25: 1.3322075 | U25: 1.4770308 | V25: 1.1717333 | W25: 0.41512537 | X25: 0.9955726 | Y25: 1.3322075 | Z25: 472.68725 | AA25: 2190 | AB25: 0.060819252 | AC25: =IFERROR(IF(AND(AB25<=10%,I25>=90%),"CAT1",IF(AND(AB25<=10%,I25<90%),"CAT3",IF(AND(AB25>10%,I25>=90%),"CAT2",IF(AND(AB25>10%,I25<90%),"CAT4",)))),"ND") -> CAT1 | AF25: CV VPI 2 | AG25: 0.77584632
C26: Itebero | D26: 0.9211405 | E26: 0.51624957 | F26: 1.0000079 | G26: 0.94325655 | H26: 0.96491738 | I26: 1.0524271 | J26: 1.0157481 | K26: 1.050983 | L26: 1.0408747 | M26: 1.0186362 | N26: 1.0303331 | O26: 1.0205135 | P26: 0.94932158 | Q26: 1.003618 | R26: 0.97300408 | S26: 0.70007774 | T26: 0.96766108 | U26: 0.8915594 | V26: 0.70267704 | W26: 0.77851554 | X26: 1.235495 | Y26: 0.96766108 | Z26: 278.59108 | AA26: 641 | AB26: 0.0013721186 | AC26: =IFERROR(IF(AND(AB26<=10%,I26>=90%),"CAT1",IF(AND(AB26<=10%,I26<90%),"CAT3",IF(AND(AB26>10%,I26>=90%),"CAT2",IF(AND(AB26>10%,I26<90%),"CAT4",)))),"ND") -> CAT1 | AF26: CV BCG | AG26: 0.88594826
C27: Kalunguta | D27: 0.89116627 | E27: 0.73298345 | F27: 0.99964076 | G27: 0.92487299 | H27: 0.95613427 | I27: 0.94417719 | J27: 0.81437804 | K27: 0.92833046 | L27: 0.90744158 | M27: 0.84117342 | N27: 0.86955348 | O27: 0.91089905 | P27: 0.84852055 | Q27: 0.9070094 | R27: 0.96492201 | S27: 0.5300012 | T27: 0.91522089 | U27: 0.93366072 | V27: 0.7785068 | W27: 0.47600094 | X27: 0.6292212 | Y27: 0.91522089 | Z27: 948.61392 | AA27: 507 | AB27: 0.016783644 | AC27: =IFERROR(IF(AND(AB27<=10%,I27>=90%),"CAT1",IF(AND(AB27<=10%,I27<90%),"CAT3",IF(AND(AB27>10%,I27>=90%),"CAT2",IF(AND(AB27>10%,I27<90%),"CAT4",)))),"ND") -> CAT1 | AF27: CV VAR 2 | AG27: 0.49006164
C28: Kamango | D28: 0.86421768 | E28: 0.95590857 | F28: 1.1560205 | G28: 1.0183267 | H28: 1.0524579 | I28: 1.1815021 | J28: 1.0396002 | K28: 1.0756017 | L28: 1.0725626 | M28: 0.96479205 | N28: 0.99424778 | O28: 1.1160449 | P28: 0.99658553 | Q28: 0.9853643 | R28: 1.0957064 | S28: 0.25084126 | T28: 0.97157154 | U28: 1.0421718 | V28: 0.51594283 | W28: 0.40039162 | X28: 0.69063985 | Y28: 0.97157154 | Z28: 265.77392 | AA28: 740 | AB28: 0.089631975 | AC28: =IFERROR(IF(AND(AB28<=10%,I28>=90%),"CAT1",IF(AND(AB28<=10%,I28<90%),"CAT3",IF(AND(AB28>10%,I28>=90%),"CAT2",IF(AND(AB28>10%,I28<90%),"CAT4",)))),"ND") -> CAT1
C29: Karisimbi | D29: 1.1826761 | E29: 0.57412201 | F29: 1.1729497 | G29: 1.0403248 | H29: 1.0364484 | I29: 1.1723811 | J29: 1.0117427 | K29: 1.0340709 | L29: 1.2070104 | M29: 1.0270416 | N29: 1.0635316 | O29: 1.1062237 | P29: 0.94961682 | Q29: 0.9600056 | R29: 1.1690216 | S29: 0.4004072 | T29: 0.98223034 | U29: 1.1344957 | V29: 0.67304797 | W29: 0.41275964 | X29: 0.87873203 | Y29: 0.98223034 | Z29: 3803.8786 | AA29: 1979 | AB29: 0.11797381 | AC29: =IFERROR(IF(AND(AB29<=10%,I29>=90%),"CAT1",IF(AND(AB29<=10%,I29<90%),"CAT3",IF(AND(AB29>10%,I29>=90%),"CAT2",IF(AND(AB29>10%,I29<90%),"CAT4",)))),"ND") -> CAT2
C30: Katoyi | D30: 0.99792507 | E30: 0.63931746 | F30: 1.0479099 | G30: 0.99675731 | H30: 0.99819317 | I30: 1.1595481 | J30: 1.1101904 | K30: 1.1153954 | L30: 1.1625096 | M30: 1.1012163 | N30: 1.1286771 | O30: 1.2395974 | P30: 1.1635865 | Q30: 1.1836886 | R30: 1.1007675 | S30: 1.0637044 | T30: 1.0769861 | U30: 1.0207183 | V30: 1.1980472 | W30: 0.40104921 | X30: 0.90279137 | Y30: 1.0769861 | Z30: 29.964833 | AA30: 1082 | AB30: 0.038077548 | AC30: =IFERROR(IF(AND(AB30<=10%,I30>=90%),"CAT1",IF(AND(AB30<=10%,I30<90%),"CAT3",IF(AND(AB30>10%,I30>=90%),"CAT2",IF(AND(AB30>10%,I30<90%),"CAT4",)))),"ND") -> CAT1
C31: Katwa | D31: 0.90889528 | E31: 0.69128411 | F31: 1.0326981 | G31: 0.97493567 | H31: 0.97686316 | I31: 1.0640353 | J31: 1.0057755 | K31: 1.077279 | L31: 1.0838076 | M31: 1.0167808 | N31: 1.0474341 | O31: 1.028781 | P31: 1.0658385 | Q31: 0.96281115 | R31: 1.0644706 | S31: 0.28775525 | T31: 0.99930906 | U31: 1.1159532 | V31: 0.96660395 | W31: 0.43811856 | X31: 0.64985416 | Y31: 0.99930906 | Z31: 835.01692 | AA31: 928 | AB31: 0 | AC31: =IFERROR(IF(AND(AB31<=10%,I31>=90%),"CAT1",IF(AND(AB31<=10%,I31<90%),"CAT3",IF(AND(AB31>10%,I31>=90%),"CAT2",IF(AND(AB31>10%,I31<90%),"CAT4",)))),"ND") -> CAT1
C32: Kayna | D32: 0.69205562 | E32: 0.73798569 | F32: 1.0950145 | G32: 1.0186111 | H32: 0.95553472 | I32: 0.87201346 | J32: 0.83665133 | K32: 0.77130333 | L32: 0.99983204 | M32: 0.86232106 | N32: 0.84702523 | O32: 0.97537386 | P32: 0.81582781 | Q32: 0.7591121 | R32: 0.95349023 | S32: 0.22974026 | T32: 0.84755528 | U32: 0.96636295 | V32: 0.78977947 | W32: 0.47026748 | X32: 0.68373113 | Y32: 0.84755528 | Z32: 2123.1977 | AA32: 622 | AB32: 0.11549149 | AC32: =IFERROR(IF(AND(AB32<=10%,I32>=90%),"CAT1",IF(AND(AB32<=10%,I32<90%),"CAT3",IF(AND(AB32>10%,I32>=90%),"CAT2",IF(AND(AB32>10%,I32<90%),"CAT4",)))),"ND") -> CAT4
C33: Kibirizi | D33: 0.94183872 | E33: 0.6767513 | F33: 0.92568231 | G33: 0.88607965 | H33: 0.88496408 | I33: 1.0326175 | J33: 0.96879104 | K33: 0.97022534 | L33: 1.0202665 | M33: 0.95524486 | N33: 0.96719737 | O33: 0.87388808 | P33: 0.82902632 | Q33: 0.82026114 | R33: 0.99460847 | S33: 0.71754921 | T33: 0.94392981 | U33: 0.95787441 | V33: 0.89261369 | W33: 0.74487784 | X33: 1.8802012 | Y33: 0.94392981 | Z33: 568.10608 | AA33: 1032 | AB33: 0.060421329 | AC33: =IFERROR(IF(AND(AB33<=10%,I33>=90%),"CAT1",IF(AND(AB33<=10%,I33<90%),"CAT3",IF(AND(AB33>10%,I33>=90%),"CAT2",IF(AND(AB33>10%,I33<90%),"CAT4",)))),"ND") -> CAT1
C34: Kibua | D34: 0.79286941 | E34: 0.36109226 | F34: 0.75747745 | G34: 0.72314487 | H34: 0.74283208 | I34: 0.96011167 | J34: 0.89000599 | K34: 0.90249056 | L34: 0.93082094 | M34: 0.89720863 | N34: 0.90705224 | O34: 0.94834736 | P34: 0.89912933 | Q34: 0.91521523 | R34: 0.86815799 | S34: 0.56372648 | T34: 0.95891123 | U34: 0.86455667 | V34: 0.73010742 | W34: 0.23796556 | X34: 0.63387658 | Y34: 0.86815799 | Z34: 339.60133 | AA34: 424 | AB34: 0.060015004 | AC34: =IFERROR(IF(AND(AB34<=10%,I34>=90%),"CAT1",IF(AND(AB34<=10%,I34<90%),"CAT3",IF(AND(AB34>10%,I34>=90%),"CAT2",IF(AND(AB34>10%,I34<90%),"CAT4",)))),"ND") -> CAT1
C35: Kirotshe | D35: 0.56666997 | E35: 0.30410073 | F35: 0.5825536 | G35: 0.51382537 | H35: 0.50647833 | I35: 0.62383062 | J35: 0.56164793 | K35: 0.54748818 | L35: 0.61635 | M35: 0.54795572 | N35: 0.53706874 | O35: 0.61768582 | P35: 0.54608556 | Q35: 0.53913927 | R35: 0.55383335 | S35: 0.27584802 | T35: 0.55202999 | U35: 0.54354749 | V35: 0.3763689 | W35: 0.22208754 | X35: 0.37960594 | Y35: 0.55202999 | Z35: 5762.6368 | AA35: 1344 | AB35: 0.12237687 | AC35: =IFERROR(IF(AND(AB35<=10%,I35>=90%),"CAT1",IF(AND(AB35<=10%,I35<90%),"CAT3",IF(AND(AB35>10%,I35>=90%),"CAT2",IF(AND(AB35>10%,I35<90%),"CAT4",)))),"ND") -> CAT4
C36: Kyondo | D36: 0.799788 | E36: 0.43203293 | F36: 0.95681367 | G36: 0.95266521 | H36: 0.94584987 | I36: 0.9234778 | J36: 0.92051461 | K36: 0.90451339 | L36: 0.93029313 | M36: 0.90377259 | N36: 0.91014345 | O36: 0.93577503 | P36: 0.94377564 | Q36: 0.92495939 | R36: 0.94733147 | S36: 0.22075757 | T36: 0.8953275 | U36: 1.0831937 | V36: 0.54196724 | W36: 0.19248171 | X36: 0.4829494 | Y36: 0.8953275 | Z36: 665.53317 | AA36: 273 | AB36: 0.020535858 | AC36: =IFERROR(IF(AND(AB36<=10%,I36>=90%),"CAT1",IF(AND(AB36<=10%,I36<90%),"CAT3",IF(AND(AB36>10%,I36>=90%),"CAT2",IF(AND(AB36>10%,I36<90%),"CAT4",)))),"ND") -> CAT1
C37: Lubero | D37: 0.65548199 | E37: 0.50677357 | F37: 0.95886618 | G37: 0.9228243 | H37: 0.93442617 | I37: 0.97322588 | J37: 0.9439359 | K37: 0.95924657 | L37: 0.88944514 | M37: 0.81194084 | N37: 0.81526924 | O37: 0.91369496 | P37: 0.85644638 | Q37: 0.82572995 | R37: 0.92215862 | S37: 0.45047596 | T37: 0.92215862 | U37: 0.99100907 | V37: 0.81365259 | W37: 0.24269428 | X37: 0.61175553 | Y37: 0.92215862 | Z37: 469.80233 | AA37: 670 | AB37: 0.014363885 | AC37: =IFERROR(IF(AND(AB37<=10%,I37>=90%),"CAT1",IF(AND(AB37<=10%,I37<90%),"CAT3",IF(AND(AB37>10%,I37>=90%),"CAT2",IF(AND(AB37>10%,I37<90%),"CAT4",)))),"ND") -> CAT1
C38: Mabalako | D38: 0.62117739 | E38: 0.44911363 | F38: 0.98644852 | G38: 0.91002756 | H38: 0.93419007 | I38: 0.88038634 | J38: 0.9374211 | K38: 0.85903342 | L38: 0.86619789 | M38: 0.80199866 | N38: 0.80185818 | O38: 0.82995412 | P38: 0.77572896 | Q38: 0.80199866 | R38: 0.92182785 | S38: 0.25426827 | T38: 0.78415774 | U38: 0.94374269 | V38: 0.74805445 | W38: 0.42911248 | X38: 0.79461189 | Y38: 0.78415774 | Z38: 1125.3214 | AA38: 204 | AB38: 0.024254029 | AC38: =IFERROR(IF(AND(AB38<=10%,I38>=90%),"CAT1",IF(AND(AB38<=10%,I38<90%),"CAT3",IF(AND(AB38>10%,I38>=90%),"CAT2",IF(AND(AB38>10%,I38<90%),"CAT4",)))),"ND") -> CAT3
C39: Manguredjipa | D39: 0.61796775 | E39: 0.35448827 | F39: 1.1067638 | G39: 0.94483269 | H39: 0.91631874 | I39: 1.0032687 | J39: 0.87759609 | K39: 0.81599187 | L39: 0.89730944 | M39: 0.71073666 | N39: 0.66145329 | O39: 0.87442787 | P39: 0.69876784 | Q39: 0.66074924 | R39: 0.83922546 | S39: 0.31154133 | T39: 0.7434749 | U39: 0.87513192 | V39: 0.72094536 | W39: 0.27427694 | X39: 0.53872536 | Y39: 0.7434749 | Z39: 375.18675 | AA39: 522 | AB39: 0.18666667 | AC39: =IFERROR(IF(AND(AB39<=10%,I39>=90%),"CAT1",IF(AND(AB39<=10%,I39<90%),"CAT3",IF(AND(AB39>10%,I39>=90%),"CAT2",IF(AND(AB39>10%,I39<90%),"CAT4",)))),"ND") -> CAT2
... C52: Nord Kivu | D52: 0.88594826 | E52: 0.65471632 | F52: 1.0447864 | G52: 0.98111957 | H52: 0.99771904 | I52: 1.0380671 | J52: 0.97353124 | K52: 0.99206599 | L52: 1.0284066 | M52: 0.9495758 | N52: 0.97214662 | O52: 0.99985485 | P52: 0.92132327 | Q52: 0.91734767 | R52: 1.0059822 | S52: 0.49006164 | T52: 0.94196837 | U52: 1.0017615 | V52: 0.77584632 | W52: 0.40812457 | X52: 0.8488339 | Y52: 0.94196837 | Z52: 33217.047 | AA52: 29601 | AB52: 0.044314161 | AC52: =IFERROR(IF(AND(AB52<=10%,I52>=90%),"CAT1",IF(AND(AB52<=10%,I52<90%),"CAT3",IF(AND(AB52>10%,I52>=90%),"CAT2",IF(AND(AB52>10%,I52<90%),"CAT4",)))),"ND") -> CAT1
C60: ZS | D60: BCG | E60: VPO 0 | F60: VPO 1 | G60: VPO 2 | H60: VPO 3 | I60: Penta 1 | J60: Penta 2 | K60: Penta 3 | L60: PCV-13 1 | M60: PCV-13 2 | N60: PCV-13 3 | O60: Rota 1 | P60: Rota 2 | Q60: Rota 3 | R60: VAR1/RR1 | S60: VAR2/RR2 | T60: VAA | U60: VPI1 | V60: VPI 2 | W60: Td 1 | X60: Td2+ | Y60: Objetcit 95% | Z60: Objectif 90% | AA60: Complétude | AB60: Promptitude
C61: =C18 -> Alimbongo | D61: =D18 -> 0.70478475 | E61: =E18 -> 0.74299791 | F61: =F18 -> 0.97132994 | G61: =G18 -> 0.88346575 | H61: =H18 -> 0.90253171 | I61: =I18 -> 0.96179696 | J61: =J18 -> 0.88622228 | ... X61: =X18 -> 0.83676278 | Y61: 0.95 | Z61: 0.9 | AA61: 100 | AB61: 95.83 | AC61: 80
C62: =C19 -> Bambo | D62: =D19 -> 1.0989852 | E62: =E19 -> 0.7919817 | F62: =F19 -> 0.93907555 | G62: =G19 -> 0.87642746 | H62: =H19 -> 0.89709487 | I62: =I19 -> 1.0130261 | J62: =J19 -> 0.94924779 | ... X62: =X19 -> 0.75932961 | Y62: 0.95 | Z62: 0.9 | AA62: 100 | AB62: 100 | AC62: 80
C63: =C20 -> Beni | D63: =D20 -> 0.79547435 | E63: =E20 -> 0.46613401 | F63: =F20 -> 1.1596662 | G63: =G20 -> 1.1588287 | H63: =H20 -> 1.1715836 | I63: =I20 -> 1.0368196 | J63: =J20 -> 1.0586576 | ... X63: =X20 -> 0.96982335 | Y63: 0.95 | Z63: 0.9 | AA63: 100 | AB63: 100 | AC63: 80
C64: =C21 -> Biena | D64: =D21 -> 0.5169607 | E64: =E21 -> 0.32506928 | F64: =F21 -> 0.78489304 | G64: =G21 -> 0.73762531 | H64: =H21 -> 0.71108905 | I64: =I21 -> 0.85019714 | J64: =J21 -> 0.75483243 | ... X64: =X21 -> 0.50050044 | Y64: 0.95 | Z64: 0.9 | AA64: 100 | AB64: 100 | AC64: 80
C65: =C22 -> Binza | D65: =D22 -> 0.93421501 | E65: =E22 -> 0.6111557 | F65: =F22 -> 1.0354175 | G65: =G22 -> 1.0247914 | H65: =H22 -> 1.0408868 | I65: =I22 -> 1.0477625 | J65: =J22 -> 1.0241663 | ... X65: =X22 -> 0.68743609 | Y65: 0.95 | Z65: 0.9 | AA65: 100 | AB65: 100 | AC65: 80
C66: =C23 -> Birambizo | D66: =D23 -> 0.88435797 | E66: =E23 -> 0.69179105 | F66: =F23 -> 1.0178682 | G66: =G23 -> 0.92733079 | H66: =H23 -> 0.93816676 | I66: =I23 -> 1.0358331 | J66: =J23 -> 0.94928788 | ... X66: =X23 -> 0.67511756 | Y66: 0.95 | Z66: 0.9 | AA66: 100 | AB66: 100 | AC66: 80
C67: =C24 -> Butembo | D67: =D24 -> 0.7310915 | E67: =E24 -> 0.1807997 | F67: =F24 -> 0.89388293 | G67: =G24 -> 0.81513519 | H67: =H24 -> 0.85431699 | I67: =I24 -> 0.8605912 | J67: =J24 -> 0.7598197 | ... X67: =X24 -> 0.48229248 | Y67: 0.95 | Z67: 0.9 | AA67: 100 | AB67: 100 | AC67: 80
C68: =C25 -> Goma | D68: =D25 -> 1.6521262 | E68: =E25 -> 0.88469513 | F68: =F25 -> 1.5905522 | G68: =G25 -> 1.463258 | H68: =H25 -> 1.4908036 | I68: =I25 -> 1.5869004 | J68: =J25 -> 1.4676402 | ... X68: =X25 -> 0.9955726 | Y68: 0.95 | Z68: 0.9 | AA68: 100 | AB68: 92.31 | AC68: 80
C69: =C26 -> Itebero | D69: =D26 -> 0.9211405 | E69: =E26 -> 0.51624957 | F69: =F26 -> 1.0000079 | G69: =G26 -> 0.94325655 | H69: =H26 -> 0.96491738 | I69: =I26 -> 1.0524271 | J69: =J26 -> 1.0157481 | ... X69: =X26 -> 1.235495 | Y69: 0.95 | Z69: 0.9 | AA69: 100 | AB69: 41.38 | AC69: 80
C70: =C27 -> Kalunguta | D70: =D27 -> 0.89116627 | E70: =E27 -> 0.73298345 | F70: =F27 -> 0.99964076 | G70: =G27 -> 0.92487299 | H70: =H27 -> 0.95613427 | I70: =I27 -> 0.94417719 | J70: =J27 -> 0.81437804 | ... X70: =X27 -> 0.6292212 | Y70: 0.95 | Z70: 0.9 | AA70: 100 | AB70: 100 | AC70: 80
C71: =C28 -> Kamango | D71: =D28 -> 0.86421768 | E71: =E28 -> 0.95590857 | F71: =F28 -> 1.1560205 | G71: =G28 -> 1.0183267 | H71: =H28 -> 1.0524579 | I71: =I28 -> 1.1815021 | J71: =J28 -> 1.0396002 | ... X71: =X28 -> 0.69063985 | Y71: 0.95 | Z71: 0.9 | AA71: 100 | AB71: 88.89 | AC71: 80
C72: =C29 -> Karisimbi | D72: =D29 -> 1.1826761 | E72: =E29 -> 0.57412201 | F72: =F29 -> 1.1729497 | G72: =G29 -> 1.0403248 | H72: =H29 -> 1.0364484 | I72: =I29 -> 1.1723811 | J72: =J29 -> 1.0117427 | ... X72: =X29 -> 0.87873203 | Y72: 0.95 | Z72: 0.9 | AA72: 100 | AB72: 76.92 | AC72: 80
... C76: =C33 -> Kibirizi | D76: =D33 -> 0.94183872 | E76: =E33 -> 0.6767513 | F76: =F33 -> 0.92568231 | G76: =G33 -> 0.88607965 | H76: =H33 -> 0.88496408 | I76: =I33 -> 1.0326175 | J76: =J33 -> 0.96879104 | ... X76: =X33 -> 1.8802012 | Y76: 0.95 | Z76: 0.9 | AA76: 100 | AB76: 100 | AC76: 80
C77: =C34 -> Kibua | D77: =D34 -> 0.79286941 | E77: =E34 -> 0.36109226 | F77: =F34 -> 0.75747745 | G77: =G34 -> 0.72314487 | H77: =H34 -> 0.74283208 | I77: =I34 -> 0.96011167 | J77: =J34 -> 0.89000599 | ... X77: =X34 -> 0.63387658 | Y77: 0.95 | Z77: 0.9 | AB77: 0 | AC77: 80
C78: =C35 -> Kirotshe | D78: =D35 -> 0.56666997 | E78: =E35 -> 0.30410073 | F78: =F35 -> 0.5825536 | G78: =G35 -> 0.51382537 | H78: =H35 -> 0.50647833 | I78: =I35 -> 0.62383062 | J78: =J35 -> 0.56164793 | ... X78: =X35 -> 0.37960594 | Y78: 0.95 | Z78: 0.9 | AA78: 100 | AB78: 62.86 | AC78: 80
C79: =C36 -> Kyondo | D79: =D36 -> 0.799788 | E79: =E36 -> 0.43203293 | F79: =F36 -> 0.95681367 | G79: =G36 -> 0.95266521 | H79: =H36 -> 0.94584987 | I79: =I36 -> 0.9234778 | J79: =J36 -> 0.92051461 | ... X79: =X36 -> 0.4829494 | Y79: 0.95 | Z79: 0.9 | AA79: 100 | AB79: 94.29 | AC79: 80
C80: =C37 -> Lubero | D80: =D37 -> 0.65548199 | E80: =E37 -> 0.50677357 | F80: =F37 -> 0.95886618 | G80: =G37 -> 0.9228243 | H80: =H37 -> 0.93442617 | I80: =I37 -> 0.97322588 | J80: =J37 -> 0.9439359 | ... X80: =X37 -> 0.61175553 | Y80: 0.95 | Z80: 0.9 | AA80: 100 | AB80: 97.83 | AC80: 80
C81: =C38 -> Mabalako | D81: =D38 -> 0.62117739 | E81: =E38 -> 0.44911363 | F81: =F38 -> 0.98644852 | G81: =G38 -> 0.91002756 | H81: =H38 -> 0.93419007 | I81: =I38 -> 0.88038634 | J81: =J38 -> 0.9374211 | ... X81: =X38 -> 0.79461189 | Y81: 0.95 | Z81: 0.9 | AA81: 100 | AB81: 96.55 | AC81: 80
C82: =C39 -> Manguredjipa | D82: =D39 -> 0.61796775 | E82: =E39 -> 0.35448827 | F82: =F39 -> 1.1067638 | G82: =G39 -> 0.94483269 | H82: =H39 -> 0.91631874 | I82: =I39 -> 1.0032687 | J82: =J39 -> 0.87759609 | ... X82: =X39 -> 0.53872536 | Y82: 0.95 | Z82: 0.9 | AA82: 100 | AB82: 100 | AC82: 80
C83: =C40 -> Masereka | D83: =D40 -> 0.79857862 | E83: =E40 -> 0.43721436 | F83: =F40 -> 1.0305896 | G83: =G40 -> 0.96642628 | H83: =H40 -> 0.97311373 | I83: =I40 -> 1.0027554 | J83: =J40 -> 0.92431345 | ... X83: =X40 -> 0.65128944 | Y83: 0.95 | Z83: 0.9 | AA83: 100 | AB83: 100 | AC83: 80
C84: =C41 -> Masisi | D84: =D41 -> 1.0222192 | E84: =E41 -> 1.2725796 | F84: =F41 -> 1.4187095 | G84: =G41 -> 1.2863498 | H84: =H41 -> 1.2706984 | I84: =I41 -> 1.3610702 | J84: =J41 -> 1.2457164 | ... X84: =X41 -> 1.1001495 | Y84: 0.95 | Z84: 0.9 | AA84: 100 | AB84: 100 | AC84: 80
C85: =C42 -> Musienene | D85: =D42 -> 0.70131489 | E85: =E42 -> 0.50541279 | F85: =F42 -> 1.0821441 | G85: =G42 -> 1.0247908 | H85: =H42 -> 1.2443964 | I85: =I42 -> 1.0220191 | J85: =J42 -> 0.98982447 | ... X85: =X42 -> 0.88557282 | Y85: 0.95 | Z85: 0.9 | AA85: 100 | AB85: 100 | AC85: 80
C86: =C43 -> Mutwanga | D86: =D43 -> 0.62851941 | E86: =E43 -> 0.38791172 | F86: =F43 -> 0.82084633 | G86: =G43 -> 0.81166784 | H86: =H43 -> 0.75891571 | I86: =I43 -> 0.78770717 | J86: =J43 -> 0.7451963 | ... X86: =X43 -> 0.50409684 | Y86: 0.95 | Z86: 0.9 | AA86: 100 | AB86: 100 | AC86: 80
C87: =C44 -> Mweso | D87: =D44 -> 0.80437669 | E87: =E44 -> 0.98849474 | F87: =F44 -> 1.0210926 | G87: =G44 -> 0.96016021 | H87: =H44 -> 0.95799576 | I87: =I44 -> 1.0406381 | J87: =J44 -> 0.97465542 | ... X87: =X44 -> 0.91018862 | Y87: 0.95 | Z87: 0.9 | AA87: 100 | AB87: 100 | AC87: 80
C88: =C45 -> Nyiragongo | D88: =D45 -> 1.5179023 | E88: =E45 -> 0.98796557 | F88: =F45 -> 1.6319977 | G88: =G45 -> 1.5293827 | H88: =H45 -> 1.8925451 | I88: =I45 -> 1.57021 | J88: =J45 -> 1.4471814 | ... X88: =X45 -> 1.1064228 | Y88: 0.95 | Z88: 0.9 | AA88: 100 | AB88: 63.64 | AC88: 80
C89: =C46 -> Oicha | D89: =D46 -> 0.5194111 | E89: =E46 -> 0.13874934 | F89: =F46 -> 0.71077767 | G89: =G46 -> 0.69345806 | H89: =H46 -> 0.6418841 | I89: =I46 -> 0.77360938 | J89: =J46 -> 0.73810417 | ... X89: =X46 -> 0.62485483 | Y89: 0.95 | Z89: 0.9 | AA89: 100 | AB89: 100 | AC89: 80
... C94: =C51 -> Walikale | D94: =D51 -> 1.16831 | E94: =E51 -> 1.142291 | F94: =F51 -> 1.164041 | G94: =G51 -> 1.1388043 | H94: =H51 -> 1.1285104 | I94: =I51 -> 1.164373 | J94: =J51 -> 1.1200429 | ... X94: =X51 -> 0.96448956 | Y94: 0.95 | Z94: 0.9 | AA94: 100 | AB94: 100 | AC94: 80
C95: =C52 -> Nord Kivu | D95: =D52 -> 0.88594826 | E95: =E52 -> 0.65471632 | F95: =F52 -> 1.0447864 | G95: =G52 -> 0.98111957 | H95: =H52 -> 0.99771904 | I95: =I52 -> 1.0380671 | J95: =J52 -> 0.97353124 | ... X95: =X52 -> 0.8488339 | Y95: 0.95 | Z95: 0.9

Sheet Analyses_CV_AS
A1: =INDEX(Tableau1[ZS],MATCH(1,Tableau1[Visu],0)) -> Itebero | D1: ="ZS DE"&UPPER(B8)&" : "&"CV SELON LE CALENDRIER VACCINAL DE "&UPPER(B7) -> ZS DE ITEBERO : CV SELON LE CALENDRIER VACCINAL DE JANVIER-OCTOBRE 2024 | T1: ="Synthèse Mashako"&" ZS"&" "&B8 -> Synthèse Mashako ZS Itebero
D2: =_xlfn.IFS(F8="CAT1",Dico!B2,F8="CAT2",Dico!B3,F8="CAT3",Dico!B4,F8="CAT4",Dico!B5) -> #NAME? | E2: NAISSANCE | H2: 1 MOIS ET DEMI | K2: 2 MOIS ET DEMI | N2: 3 MOIS ET DEMI | Q2: 9 MOIS | T2: INDICATEURS | W2: SCORES
A3: COORDINATION PROVINCIALE DU NORD-KIVU | E3: BCG | F3: =VLOOKUP($B$8,Analyses_CV_ZS!$C$15:$AB$52,2,FALSE) -> 0.9211405 | H3: VPO 1 | I3: =VLOOKUP($B$8,Analyses_CV_ZS!$C$15:$AB$52,4,FALSE) -> 1.0000079 | K3: VPO 2 | L3: =VLOOKUP($B$8,Analyses_CV_ZS!$C$15:$AB$52,5,FALSE) -> 0.94325655 | N3: VPO 3 | O3: =VLOOKUP($B$8,Analyses_CV_ZS!$C$15:$AB$52,6,FALSE) -> 0.96491738 | Q3: VAR 1/RR1 | R3: =VLOOKUP($B$8,Analyses_CV_ZS!$C$15:$AB$52,16,FALSE) -> 0.97300408 | T3: Supervision ZS vers AS | W3: =VLOOKUP($B$8,Data_Entry!$AO$4:$AZ$38,3,FALSE) -> 0.033333333
E4: VPO 0 | F4: =VLOOKUP($B$8,Analyses_CV_ZS!$C$15:$AB$52,3,FALSE) -> 0.51624957 | H4: PENTA 1 | I4: =VLOOKUP($B$8,Analyses_CV_ZS!$C$15:$AB$52,7,FALSE) -> 1.0524271 | K4: PENTA 2 | L4: =VLOOKUP($B$8,Analyses_CV_ZS!$C$15:$AB$52,8,FALSE) -> 1.0157481 | N4: PENTA 3 | O4: =VLOOKUP($B$8,Analyses_CV_ZS!$C$15:$AB$52,9,FALSE) -> 1.050983 | Q4: VAA | R4: =VLOOKUP($B$8,Analyses_CV_ZS!$C$15:$AB$52,18,FALSE) -> 0.96766108 | T4: Disponibilité des vaccins et intrants | W4: =VLOOKUP($B$8,Data_Entry!$AO$4:$AZ$38,4,FALSE) -> 1
A5: COUVERTURES VACCINALES / PEV DE ROUTINE PAR AIRE DE SANTE | H5: PCV-13 1 | I5: =VLOOKUP($B$8,Analyses_CV_ZS!$C$15:$AB$52,10,FALSE) -> 1.0408747 | K5: PCV-13 2 | L5: =VLOOKUP($B$8,Analyses_CV_ZS!$C$15:$AB$52,11,FALSE) -> 1.0186362 | N5: VPI 1 | O5: =VLOOKUP($B$8,Analyses_CV_ZS!$C$15:$AB$52,19,FALSE) -> 0.8915594 | Q5: VPI 2 | R5: =VLOOKUP($B$8,Analyses_CV_ZS!$C$15:$AB$52,20,FALSE) -> 0.70267704 | T5: Fonctionnalité de la CDF | W5: =VLOOKUP($B$8,Data_Entry!$AO$4:$AZ$38,5,FALSE) -> 1
H6: ROTA 1 | I6: =VLOOKUP($B$8,Analyses_CV_ZS!$C$15:$AB$52,13,FALSE) -> 1.0205135 | K6: ROTA 2 | L6: =VLOOKUP($B$8,Analyses_CV_ZS!$C$15:$AB$52,14,FALSE) -> 0.94932158 | N6: PCV-13 3 | O6: =VLOOKUP($B$8,Analyses_CV_ZS!$C$15:$AB$52,12,FALSE) -> 1.0303331 | T6: Score de séances fixes | W6: =VLOOKUP($B$8,Data_Entry!$AO$4:$AZ$38,6,FALSE) -> 0
A7: Periode | B7: ="Janvier-"&(_xlfn.IFS(Data_Entry!C1=1,"Janvier",Data_Entry!C1=2,"Février",Data_Entry!C1=3,"Mars",Data_Entry!C1=4,"Avril",Data_Entry!C1=5,"Mai",Data_Entry!C1=6,"Juin",Data_Entry!C1=7,"Juillet",Data_Entry!C1=8,"Août",Data_Entry!C1=9,"Septembre",Data_Entry!C1=10,"Octobre",Data_Entry!C1=11,"Novembre",Data_Entry!C1=12,"Décembre"))&" "&"2024" -> Janvier-Octobre 2024 | E7: =IF($A$1="","",$A$1) -> Itebero | N7: ROTA 3 | O7: =VLOOKUP($B$8,Analyses_CV_ZS!$C$15:$AB$52,15,FALSE) -> 1.003618 | Q7: 15 MOIS | T7: Score de séances avancées | W7: =VLOOKUP($B$8,Data_Entry!$AO$4:$AZ$38,7,FALSE) -> 0
A8: ZS | B8: =A1 -> Itebero | E8: CAT : | F8: =VLOOKUP($B$8,Analyses_CV_ZS!$C$15:$AC$52,27,FALSE) -> CAT1 | Q8: VAR2/RR2 | R8: =VLOOKUP($B$8,Analyses_CV_ZS!$C$15:$AB$52,17,FALSE) -> 0.70007774 | T8: Disponibilité des cartes de vacc | W8: =VLOOKUP($B$8,Data_Entry!$AO$4:$AZ$38,8,FALSE) -> 0
A9: Population | B9: =SUMIF(Data_Entry!C5:C671,Analyses_CV_AS!B8,Data_Entry!E5:E671) -> 238107 | E9: EZD : | F9: =SUMIF(Data_Entry!C5:C671,B8,AE16:AE671) -> 278.59108 | N9: PRIORITE | T9: Suivi des enfants | W9: =VLOOKUP($B$8,Data_Entry!$AO$4:$AZ$38,9,FALSE) -> 1
A10: NB AS | B10: =IF(SUMIF(C16:C671,B8,AI16:AI671)>1,SUMIF(C16:C671,B8,AI16:AI671),"") -> 28 | E10: ESV : | F10: =SUMIF(Data_Entry!C5:C671,B8,AF16:AF671) -> 641 | N10: =VLOOKUP($B$8,ANAPEV!$B$3:$S$43,17,FALSE) -> 4 | Q10: FE | T10: Réunions | W10: =VLOOKUP($B$8,Data_Entry!$AO$4:$AZ$38,10,FALSE) -> 0
A11: Cible ˂ 1 an | B11: =VLOOKUP($B$8,VAL!A1:E38,2,FALSE) -> 6924.9453 | E11: Tx_Ab : | F11: =VLOOKUP($B$8,Analyses_CV_ZS!$C$15:$AC$52,26,FALSE) -> 0.0013721186 | Q11: Td1 | R11: =VLOOKUP($B$8,Analyses_CV_ZS!$C$15:$AB$52,21,FALSE) -> 0.77851554 | T11: Rapport de données | W11: =VLOOKUP($B$8,Data_Entry!$AO$4:$AZ$38,11,FALSE) -> 0
A12: Cible FE | B12: =VLOOKUP($B$8,VAL!A1:F38,6,FALSE) -> 7936.9 | E12: ECV : | F12: =VLOOKUP($B$8,Analyses_CV_ZS!$C$15:$AC$52,23,FALSE) -> 0.96766108 | Q12: Td2+ | R12: =VLOOKUP($B$8,Analyses_CV_ZS!$C$15:$AB$52,22,FALSE) -> 1.235495 | T12: SCORE GLOBAL | W12: =VLOOKUP($B$8,Data_Entry!$AO$4:$AZ$38,12,FALSE) -> 0.47647059
A13: Securité | T13: ="Mise à jour du" -> Mise à jour du | V13: =Data_Entry!AZ3 -> 45596
A15: Province | B15: Antenne | C15: ZS | D15: AS | E15: BCG | F15: VPO 0 | G15: VPO 1 | H15: VPO 2 | I15: VPO 3 | J15: Penta 1 | K15: Penta 2 | L15: Penta 3 | M15: PCV-13 1 | N15: PCV-13 2 | O15: PCV-13 3 | P15: Rota 1 | Q15: Rota 2 | R15: Rota 3 | S15: VAR1 | T15: VAR 2 | U15: VAA | V15: VPI1 | W15: VPI 2 | X15: Td 1 | Y15: Td 2 | Z15: Td 3 | AA15: Td 4 | AB15: Td 5 | AC15: Td2+ | AD15: ECV | AE15: EZD | AF15: ESV | AG15: Tx_Ab_P1-3 | AH15: Categorisaton | AI15: Visu | AJ15: CV_Penta3 | AK15: Tx_Abandon
A16: Nord Kivu | B16: =Data_Entry!B5 -> Butembo | C16: =Data_Entry!C5 -> Alimbongo | D16: =Data_Entry!D5 -> Alimbongo | E16: =IFERROR(IF(Data_Entry!J5/Data_Entry!$I5<0,0,Data_Entry!J5/Data_Entry!$I5),0) -> 0.85886257 | F16: =IFERROR(IF(Data_Entry!K5/Data_Entry!$H5<0,0,Data_Entry!K5/Data_Entry!$H5),0) -> 0.55453711 | G16: =IFERROR(IF(Data_Entry!L5/Data_Entry!$H5<0,0,Data_Entry!L5/Data_Entry!$H5),0) -> 1.1382604 | H16: =IFERROR(IF(Data_Entry!M5/Data_Entry!$H5<0,0,Data_Entry!M5/Data_Entry!$H5),0) -> 1.0347822 | I16: =IFERROR(IF(Data_Entry!N5/Data_Entry!$H5<0,0,Data_Entry!N5/Data_Entry!$H5),0) -> 1.0586618 | J16: =IFERROR(IF(Data_Entry!O5/Data_Entry!$H5<0,0,Data_Entry!O5/Data_Entry!$H5),0) -> 1.0772348 | K16: =IFERROR(IF(Data_Entry!P5/Data_Entry!$H5<0,0,Data_Entry!P5/Data_Entry!$H5),0) -> 0.97375655 | L16: =IFERROR(IF(Data_Entry!Q5/Data_Entry!$H5<0,0,Data_Entry!Q5/Data_Entry!$H5),0) -> 0.97375655 | M16: =IFERROR(IF(Data_Entry!R5/Data_Entry!$H5<0,0,Data_Entry!R5/Data_Entry!$H5),0) -> 0.93926381 | ... W16: =IFERROR(IF(Data_Entry!AB5/Data_Entry!$H5<0,0,Data_Entry!AB5/Data_Entry!$H5),0) -> 1.0347822 | X16: =IFERROR(IF(Data_Entry!AC5/Data_Entry!$I5<0,0,Data_Entry!AC5/Data_Entry!$I5),0) -> 0.37271394 | Y16: =IFERROR(IF(Data_Entry!AD5/Data_Entry!$I5<0,0,Data_Entry!AD5/Data_Entry!$I5),0) -> 0.25001929 | Z16: =IFERROR(IF(Data_Entry!AE5/Data_Entry!$I5<0,0,Data_Entry!AE5/Data_Entry!$I5),0) -> 0.23612933 | AA16: =IFERROR(IF(Data_Entry!AF5/Data_Entry!$I5<0,0,Data_Entry!AF5/Data_Entry!$I5),0) -> 0.351879 | AB16: =IFERROR(IF(Data_Entry!AG5/Data_Entry!$I5<0,0,Data_Entry!AG5/Data_Entry!$I5),0) -> 0.16436453 | AC16: =IFERROR(IF(Data_Entry!AI5/Data_Entry!$I5<0,0,Data_Entry!AI5/Data_Entry!$I5),0) -> 0.13496412 | AD16: =IFERROR(IF(Data_Entry!AM5/Data_Entry!$H5<0,0,Data_Entry!AM5/Data_Entry!$H5),0) -> 1.005596 | AE16: =Data_Entry!AK5 -> 0 | AF16: =Data_Entry!AL5 -> 18 | AG16: =(Data_Entry!O5-Data_Entry!Q5)/Data_Entry!O5 -> 0.096059113 | AH16: =IFERROR(IF(AND(AG16<=10%,J16>=90%),"CAT1",IF(AND(AG16<=10%,J16<90%),"CAT3",IF(AND(AG16>10%,J16>=90%),"CAT2",IF(AND(AG16>10%,J16<90%),"CAT4",)))),"ND") -> CAT1 | AI16: =SUBTOTAL(3,Tableau1[[#This Row],[ZS]]) -> 0 | AJ16: =_xlfn.IFS(L16<50%,"<50%",(AND(L16<80%,L16>50%)),">50%<80%",(AND(L16>=80%,L16<95%)),">=80%<95%",(AND(L16>=95%,L16<100%)),"95-100%",L16>100%,">100%") -> #NAME? | AK16: =IFERROR(IF((Data_Entry!O5-Data_Entry!Q5)/Data_Entry!O5<=10%,"<=10%",">10%"),"<=10%") -> <=10%
A17: Nord Kivu | B17: =Data_Entry!B6 -> Butembo | C17: =Data_Entry!C6 -> Alimbongo | D17: =Data_Entry!D6 -> Bingi | E17: =IFERROR(IF(Data_Entry!J6/Data_Entry!$I6<0,0,Data_Entry!J6/Data_Entry!$I6),0) -> 1.0412977 | F17: =IFERROR(IF(Data_Entry!K6/Data_Entry!$H6<0,0,Data_Entry!K6/Data_Entry!$H6),0) -> 3.4050271 | G17: =IFERROR(IF(Data_Entry!L6/Data_Entry!$H6<0,0,Data_Entry!L6/Data_Entry!$H6),0) -> 1.5027909 | H17: =IFERROR(IF(Data_Entry!M6/Data_Entry!$H6<0,0,Data_Entry!M6/Data_Entry!$H6),0) -> 1.1033457 | I17: =IFERROR(IF(Data_Entry!N6/Data_Entry!$H6<0,0,Data_Entry!N6/Data_Entry!$H6),0) -> 1.4492068 | J17: =IFERROR(IF(Data_Entry!O6/Data_Entry!$H6<0,0,Data_Entry!O6/Data_Entry!$H6),0) -> 1.5027909 | K17: =IFERROR(IF(Data_Entry!P6/Data_Entry!$H6<0,0,Data_Entry!P6/Data_Entry!$H6),0) -> 1.1009101 | L17: =IFERROR(IF(Data_Entry!Q6/Data_Entry!$H6<0,0,Data_Entry!Q6/Data_Entry!$H6),0) -> 1.4492068 | M17: =IFERROR(IF(Data_Entry!R6/Data_Entry!$H6<0,0,Data_Entry!R6/Data_Entry!$H6),0) -> 1.3615237 | ... W17: =IFERROR(IF(Data_Entry!AB6/Data_Entry!$H6<0,0,Data_Entry!AB6/Data_Entry!$H6),0) -> 1.4199791 | X17: =IFERROR(IF(Data_Entry!AC6/Data_Entry!$I6<0,0,Data_Entry!AC6/Data_Entry!$I6),0) -> 0.47602182 | Y17: =IFERROR(IF(Data_Entry!AD6/Data_Entry!$I6<0,0,Data_Entry!AD6/Data_Entry!$I6),0) -> 0.27626266 | Z17: =IFERROR(IF(Data_Entry!AE6/Data_Entry!$I6<0,0,Data_Entry!AE6/Data_Entry!$I6),0) -> 0.327265 | AA17: =IFERROR(IF(Data_Entry!AF6/Data_Entry!$I6<0,0,Data_Entry!AF6/Data_Entry!$I6),0) -> 0.29326344 | AB17: =IFERROR(IF(Data_Entry!AG6/Data_Entry!$I6<0,0,Data_Entry!AG6/Data_Entry!$I6),0) -> 0.31876461 | AC17: =IFERROR(IF(Data_Entry!AI6/Data_Entry!$I6<0,0,Data_Entry!AI6/Data_Entry!$I6),0) -> 0.13281859 | AD17: =IFERROR(IF(Data_Entry!AM6/Data_Entry!$H6<0,0,Data_Entry!AM6/Data_Entry!$H6),0) -> 1.4199791 | AE17: =Data_Entry!AK6 -> 0 | AF17: =Data_Entry!AL6 -> 34 | AG17: =(Data_Entry!O6-Data_Entry!Q6)/Data_Entry!O6 -> 0.035656402 | AH17: =IFERROR(IF(AND(AG17<=10%,J17>=90%),"CAT1",IF(AND(AG17<=10%,J17<90%),"CAT3",IF(AND(AG17>10%,J17>=90%),"CAT2",IF(AND(AG17>10%,J17<90%),"CAT4",)))),"ND") -> CAT1 | AI17: =SUBTOTAL(3,Tableau1[[#This Row],[ZS]]) -> 0 | AJ17: =_xlfn.IFS(L17<50%,"<50%",(AND(L17<80%,L17>50%)),">50%<80%",(AND(L17>=80%,L17<95%)),">=80%<95%",(AND(L17>=95%,L17<100%)),"95-100%",L17>100%,">100%") -> #NAME? | AK17: =IFERROR(IF((Data_Entry!O6-Data_Entry!Q6)/Data_Entry!O6<=10%,"<=10%",">10%"),"<=10%") -> <=10%
A18: Nord Kivu | B18: =Data_Entry!B7 -> Butembo | C18: =Data_Entry!C7 -> Alimbongo | D18: =Data_Entry!D7 -> Bunyatenge | E18: =IFERROR(IF(Data_Entry!J7/Data_Entry!$I7<0,0,Data_Entry!J7/Data_Entry!$I7),0) -> 0.69861399 | F18: =IFERROR(IF(Data_Entry!K7/Data_Entry!$H7<0,0,Data_Entry!K7/Data_Entry!$H7),0) -> 0.78719787 | G18: =IFERROR(IF(Data_Entry!L7/Data_Entry!$H7<0,0,Data_Entry!L7/Data_Entry!$H7),0) -> 1.2174555 | H18: =IFERROR(IF(Data_Entry!M7/Data_Entry!$H7<0,0,Data_Entry!M7/Data_Entry!$H7),0) -> 1.1653616 | I18: =IFERROR(IF(Data_Entry!N7/Data_Entry!$H7<0,0,Data_Entry!N7/Data_Entry!$H7),0) -> 1.1460675 | J18: =IFERROR(IF(Data_Entry!O7/Data_Entry!$H7<0,0,Data_Entry!O7/Data_Entry!$H7),0) -> 1.0708206 | K18: =IFERROR(IF(Data_Entry!P7/Data_Entry!$H7<0,0,Data_Entry!P7/Data_Entry!$H7),0) -> 1.0476678 | L18: =IFERROR(IF(Data_Entry!Q7/Data_Entry!$H7<0,0,Data_Entry!Q7/Data_Entry!$H7),0) -> 0.99750319 | M18: =IFERROR(IF(Data_Entry!R7/Data_Entry!$H7<0,0,Data_Entry!R7/Data_Entry!$H7),0) -> 1.1113382 | ... W18: =IFERROR(IF(Data_Entry!AB7/Data_Entry!$H7<0,0,Data_Entry!AB7/Data_Entry!$H7),0) -> 0.81228016 | X18: =IFERROR(IF(Data_Entry!AC7/Data_Entry!$I7<0,0,Data_Entry!AC7/Data_Entry!$I7),0) -> 0.44441951 | Y18: =IFERROR(IF(Data_Entry!AD7/Data_Entry!$I7<0,0,Data_Entry!AD7/Data_Entry!$I7),0) -> 0.21884294 | Z18: =IFERROR(IF(Data_Entry!AE7/Data_Entry!$I7<0,0,Data_Entry!AE7/Data_Entry!$I7),0) -> 0.14477302 | AA18: =IFERROR(IF(Data_Entry!AF7/Data_Entry!$I7<0,0,Data_Entry!AF7/Data_Entry!$I7),0) -> 0.15150665 | AB18: =IFERROR(IF(Data_Entry!AG7/Data_Entry!$I7<0,0,Data_Entry!AG7/Data_Entry!$I7),0) -> 0.21715953 | AC18: =IFERROR(IF(Data_Entry!AI7/Data_Entry!$I7<0,0,Data_Entry!AI7/Data_Entry!$I7),0) -> 0.10521295 | AD18: =IFERROR(IF(Data_Entry!AM7/Data_Entry!$H7<0,0,Data_Entry!AM7/Data_Entry!$H7),0) -> 1.0553854 | AE18: =Data_Entry!AK7 -> 0 | AF18: =Data_Entry!AL7 -> 0 | AG18: =(Data_Entry!O7-Data_Entry!Q7)/Data_Entry!O7 -> 0.068468468 | AH18: =IFERROR(IF(AND(AG18<=10%,J18>=90%),"CAT1",IF(AND(AG18<=10%,J18<90%),"CAT3",IF(AND(AG18>10%,J18>=90%),"CAT2",IF(AND(AG18>10%,J18<90%),"CAT4",)))),"ND") -> CAT1 | AI18: =SUBTOTAL(3,Tableau1[[#This Row],[ZS]]) -> 0 | AJ18: =_xlfn.IFS(L18<50%,"<50%",(AND(L18<80%,L18>50%)),">50%<80%",(AND(L18>=80%,L18<95%)),">=80%<95%",(AND(L18>=95%,L18<100%)),"95-100%",L18>100%,">100%") -> #NAME? | AK18: =IFERROR(IF((Data_Entry!O7-Data_Entry!Q7)/Data_Entry!O7<=10%,"<=10%",">10%"),"<=10%") -> <=10%
A19: Nord Kivu | B19: =Data_Entry!B8 -> Butembo | C19: =Data_Entry!C8 -> Alimbongo | D19: =Data_Entry!D8 -> Caritas Kaseghe | E19: =IFERROR(IF(Data_Entry!J8/Data_Entry!$I8<0,0,Data_Entry!J8/Data_Entry!$I8),0) -> 0.57006152 | F19: =IFERROR(IF(Data_Entry!K8/Data_Entry!$H8<0,0,Data_Entry!K8/Data_Entry!$H8),0) -> 0.032903305 | G19: =IFERROR(IF(Data_Entry!L8/Data_Entry!$H8<0,0,Data_Entry!L8/Data_Entry!$H8),0) -> 0.59931021 | H19: =IFERROR(IF(Data_Entry!M8/Data_Entry!$H8<0,0,Data_Entry!M8/Data_Entry!$H8),0) -> 0.53115336 | I19: =IFERROR(IF(Data_Entry!N8/Data_Entry!$H8<0,0,Data_Entry!N8/Data_Entry!$H8),0) -> 0.43949415 | J19: =IFERROR(IF(Data_Entry!O8/Data_Entry!$H8<0,0,Data_Entry!O8/Data_Entry!$H8),0) -> 0.61576186 | K19: =IFERROR(IF(Data_Entry!P8/Data_Entry!$H8<0,0,Data_Entry!P8/Data_Entry!$H8),0) -> 0.52175241 | L19: =IFERROR(IF(Data_Entry!Q8/Data_Entry!$H8<0,0,Data_Entry!Q8/Data_Entry!$H8),0) -> 0.42539273 | M19: =IFERROR(IF(Data_Entry!R8/Data_Entry!$H8<0,0,Data_Entry!R8/Data_Entry!$H8),0) -> 0.47239746 | ... W19: =IFERROR(IF(Data_Entry!AB8/Data_Entry!$H8<0,0,Data_Entry!AB8/Data_Entry!$H8),0) -> 0.43714391 | X19: =IFERROR(IF(Data_Entry!AC8/Data_Entry!$I8<0,0,Data_Entry!AC8/Data_Entry!$I8),0) -> 0.21120984 | Y19: =IFERROR(IF(Data_Entry!AD8/Data_Entry!$I8<0,0,Data_Entry!AD8/Data_Entry!$I8),0) -> 0.17840055 | Z19: =IFERROR(IF(Data_Entry!AE8/Data_Entry!$I8<0,0,Data_Entry!AE8/Data_Entry!$I8),0) -> 0.088174983 | AA19: =IFERROR(IF(Data_Entry!AF8/Data_Entry!$I8<0,0,Data_Entry!AF8/Data_Entry!$I8),0) -> 0.075871497 | AB19: =IFERROR(IF(Data_Entry!AG8/Data_Entry!$I8<0,0,Data_Entry!AG8/Data_Entry!$I8),0) -> 0.067669173 | AC19: =IFERROR(IF(Data_Entry!AI8/Data_Entry!$I8<0,0,Data_Entry!AI8/Data_Entry!$I8),0) -> 0.11114149 | AD19: =IFERROR(IF(Data_Entry!AM8/Data_Entry!$H8<0,0,Data_Entry!AM8/Data_Entry!$H8),0) -> 0.58050832 | AE19: =Data_Entry!AK8 -> 163.48917 | AF19: =Data_Entry!AL8 -> 0 | AG19: =(Data_Entry!O8-Data_Entry!Q8)/Data_Entry!O8 -> 0.30916031 | AH19: =IFERROR(IF(AND(AG19<=10%,J19>=90%),"CAT1",IF(AND(AG19<=10%,J19<90%),"CAT3",IF(AND(AG19>10%,J19>=90%),"CAT2",IF(AND(AG19>10%,J19<90%),"CAT4",)))),"ND") -> CAT4 | AI19: =SUBTOTAL(3,Tableau1[[#This Row],[ZS]]) -> 0 | AJ19: =_xlfn.IFS(L19<50%,"<50%",(AND(L19<80%,L19>50%)),">50%<80%",(AND(L19>=80%,L19<95%)),">=80%<95%",(AND(L19>=95%,L19<100%)),"95-100%",L19>100%,">100%") -> #NAME? | AK19: =IFERROR(IF((Data_Entry!O8-Data_Entry!Q8)/Data_Entry!O8<=10%,"<=10%",">10%"),"<=10%") -> >10%
A20: Nord Kivu | B20: =Data_Entry!B9 -> Butembo | C20: =Data_Entry!C9 -> Alimbongo | D20: =Data_Entry!D9 -> Fatua | E20: =IFERROR(IF(Data_Entry!J9/Data_Entry!$I9<0,0,Data_Entry!J9/Data_Entry!$I9),0) -> 0 | F20: =IFERROR(IF(Data_Entry!K9/Data_Entry!$H9<0,0,Data_Entry!K9/Data_Entry!$H9),0) -> 0.63548795 | G20: =IFERROR(IF(Data_Entry!L9/Data_Entry!$H9<0,0,Data_Entry!L9/Data_Entry!$H9),0) -> 0.79774019 | H20: =IFERROR(IF(Data_Entry!M9/Data_Entry!$H9<0,0,Data_Entry!M9/Data_Entry!$H9),0) -> 0.69858604 | I20: =IFERROR(IF(Data_Entry!N9/Data_Entry!$H9<0,0,Data_Entry!N9/Data_Entry!$H9),0) -> 0.67605101 | J20: =IFERROR(IF(Data_Entry!O9/Data_Entry!$H9<0,0,Data_Entry!O9/Data_Entry!$H9),0) -> 0.81576821 | K20: =IFERROR(IF(Data_Entry!P9/Data_Entry!$H9<0,0,Data_Entry!P9/Data_Entry!$H9),0) -> 0.81126121 | L20: =IFERROR(IF(Data_Entry!Q9/Data_Entry!$H9<0,0,Data_Entry!Q9/Data_Entry!$H9),0) -> 0.77069815 | M20: =IFERROR(IF(Data_Entry!R9/Data_Entry!$H9<0,0,Data_Entry!R9/Data_Entry!$H9),0) -> 0.89238733 | ... W20: =IFERROR(IF(Data_Entry!AB9/Data_Entry!$H9<0,0,Data_Entry!AB9/Data_Entry!$H9),0) -> 0.45971468 | X20: =IFERROR(IF(Data_Entry!AC9/Data_Entry!$I9<0,0,Data_Entry!AC9/Data_Entry!$I9),0) -> 0.70389304 | Y20: =IFERROR(IF(Data_Entry!AD9/Data_Entry!$I9<0,0,Data_Entry!AD9/Data_Entry!$I9),0) -> 0.33425088 | Z20: =IFERROR(IF(Data_Entry!AE9/Data_Entry!$I9<0,0,Data_Entry!AE9/Data_Entry!$I9),0) -> 0.30279198 | AA20: =IFERROR(IF(Data_Entry!AF9/Data_Entry!$I9<0,0,Data_Entry!AF9/Data_Entry!$I9),0) -> 0.22807707 | AB20: =IFERROR(IF(Data_Entry!AG9/Data_Entry!$I9<0,0,Data_Entry!AG9/Data_Entry!$I9),0) -> 0.24380653 | AC20: =IFERROR(IF(Data_Entry!AI9/Data_Entry!$I9<0,0,Data_Entry!AI9/Data_Entry!$I9),0) -> 0.22925678 | AD20: =IFERROR(IF(Data_Entry!AM9/Data_Entry!$H9<0,0,Data_Entry!AM9/Data_Entry!$H9),0) -> 0.98252746 | AE20: =Data_Entry!AK9 -> 40.87675 | AF20: =Data_Entry!AL9 -> 0 | AG20: =(Data_Entry!O9-Data_Entry!Q9)/Data_Entry!O9 -> 0.055248619 | AH20: =IFERROR(IF(AND(AG20<=10%,J20>=90%),"CAT1",IF(AND(AG20<=10%,J20<90%),"CAT3",IF(AND(AG20>10%,J20>=90%),"CAT2",IF(AND(AG20>10%,J20<90%),"CAT4",)))),"ND") -> CAT3 | AI20: =SUBTOTAL(3,Tableau1[[#This Row],[ZS]]) -> 0 | AJ20: =_xlfn.IFS(L20<50%,"<50%",(AND(L20<80%,L20>50%)),">50%<80%",(AND(L20>=80%,L20<95%)),">=80%<95%",(AND(L20>=95%,L20<100%)),"95-100%",L20>100%,">100%") -> #NAME? | AK20: =IFERROR(IF((Data_Entry!O9-Data_Entry!Q9)/Data_Entry!O9<=10%,"<=10%",">10%"),"<=10%") -> <=10%
A21: Nord Kivu | B21: =Data_Entry!B10 -> Butembo | C21: =Data_Entry!C10 -> Alimbongo | D21: =Data_Entry!D10 -> Itundwe | E21: =IFERROR(IF(Data_Entry!J10/Data_Entry!$I10<0,0,Data_Entry!J10/Data_Entry!$I10),0) -> 0.58441558 | F21: =IFERROR(IF(Data_Entry!K10/Data_Entry!$H10<0,0,Data_Entry!K10/Data_Entry!$H10),0) -> 0.35520614 | G21: =IFERROR(IF(Data_Entry!L10/Data_Entry!$H10<0,0,Data_Entry!L10/Data_Entry!$H10),0) -> 1.32272 | H21: =IFERROR(IF(Data_Entry!M10/Data_Entry!$H10<0,0,Data_Entry!M10/Data_Entry!$H10),0) -> 1.2990396 | I21: =IFERROR(IF(Data_Entry!N10/Data_Entry!$H10<0,0,Data_Entry!N10/Data_Entry!$H10),0) -> 1.363315 | J21: =IFERROR(IF(Data_Entry!O10/Data_Entry!$H10<0,0,Data_Entry!O10/Data_Entry!$H10),0) -> 1.3091883 | K21: =IFERROR(IF(Data_Entry!P10/Data_Entry!$H10<0,0,Data_Entry!P10/Data_Entry!$H10),0) -> 1.2753592 | L21: =IFERROR(IF(Data_Entry!Q10/Data_Entry!$H10<0,0,Data_Entry!Q10/Data_Entry!$H10),0) -> 1.2516788 | M21: =IFERROR(IF(Data_Entry!R10/Data_Entry!$H10<0,0,Data_Entry!R10/Data_Entry!$H10),0) -> 1.1738717 | ... W21: =IFERROR(IF(Data_Entry!AB10/Data_Entry!$H10<0,0,Data_Entry!AB10/Data_Entry!$H10),0) -> 1.1535742 | X21: =IFERROR(IF(Data_Entry!AC10/Data_Entry!$I10<0,0,Data_Entry!AC10/Data_Entry!$I10),0) -> 0.33057851 | Y21: =IFERROR(IF(Data_Entry!AD10/Data_Entry!$I10<0,0,Data_Entry!AD10/Data_Entry!$I10),0) -> 0.16233766 | Z21: =IFERROR(IF(Data_Entry!AE10/Data_Entry!$I10<0,0,Data_Entry!AE10/Data_Entry!$I10),0) -> 0.20365998 | AA21: =IFERROR(IF(Data_Entry!AF10/Data_Entry!$I10<0,0,Data_Entry!AF10/Data_Entry!$I10),0) -> 0.11216057 | AB21: =IFERROR(IF(Data_Entry!AG10/Data_Entry!$I10<0,0,Data_Entry!AG10/Data_Entry!$I10),0) -> 0.07674144 | AC21: =IFERROR(IF(Data_Entry!AI10/Data_Entry!$I10<0,0,Data_Entry!AI10/Data_Entry!$I10),0) -> 0.14757969 | AD21: =IFERROR(IF(Data_Entry!AM10/Data_Entry!$H10<0,0,Data_Entry!AM10/Data_Entry!$H10),0) -> 1.4715683 | AE21: =Data_Entry!AK10 -> 0 | AF21: =Data_Entry!AL10 -> 0 | AG21: =(Data_Entry!O10-Data_Entry!Q10)/Data_Entry!O10 -> 0.043927649 | AH21: =IFERROR(IF(AND(AG21<=10%,J21>=90%),"CAT1",IF(AND(AG21<=10%,J21<90%),"CAT3",IF(AND(AG21>10%,J21>=90%),"CAT2",IF(AND(AG21>10%,J21<90%),"CAT4",)))),"ND") -> CAT1 | AI21: =SUBTOTAL(3,Tableau1[[#This Row],[ZS]]) -> 0 | AJ21: =_xlfn.IFS(L21<50%,"<50%",(AND(L21<80%,L21>50%)),">50%<80%",(AND(L21>=80%,L21<95%)),">=80%<95%",(AND(L21>=95%,L21<100%)),"95-100%",L21>100%,">100%") -> #NAME? | AK21: =IFERROR(IF((Data_Entry!O10-Data_Entry!Q10)/Data_Entry!O10<=10%,"<=10%",">10%"),"<=10%") -> <=10%
A22: Nord Kivu | B22: =Data_Entry!B11 -> Butembo | C22: =Data_Entry!C11 -> Alimbongo | D22: =Data_Entry!D11 -> Kalimba | E22: =IFERROR(IF(Data_Entry!J11/Data_Entry!$I11<0,0,Data_Entry!J11/Data_Entry!$I11),0) -> 0.67641158 | F22: =IFERROR(IF(Data_Entry!K11/Data_Entry!$H11<0,0,Data_Entry!K11/Data_Entry!$H11),0) -> 1.4421091 | G22: =IFERROR(IF(Data_Entry!L11/Data_Entry!$H11<0,0,Data_Entry!L11/Data_Entry!$H11),0) -> 1.0282008 | H22: =IFERROR(IF(Data_Entry!M11/Data_Entry!$H11<0,0,Data_Entry!M11/Data_Entry!$H11),0) -> 0.97892599 | I22: =IFERROR(IF(Data_Entry!N11/Data_Entry!$H11<0,0,Data_Entry!N11/Data_Entry!$H11),0) -> 1.1431753 | J22: =IFERROR(IF(Data_Entry!O11/Data_Entry!$H11<0,0,Data_Entry!O11/Data_Entry!$H11),0) -> 1.1168954 | K22: =IFERROR(IF(Data_Entry!P11/Data_Entry!$H11<0,0,Data_Entry!P11/Data_Entry!$H11),0) -> 1.0807606 | L22: =IFERROR(IF(Data_Entry!Q11/Data_Entry!$H11<0,0,Data_Entry!Q11/Data_Entry!$H11),0) -> 1.0807606 | M22: =IFERROR(IF(Data_Entry!R11/Data_Entry!$H11<0,0,Data_Entry!R11/Data_Entry!$H11),0) -> 1.0052059 | ... W22: =IFERROR(IF(Data_Entry!AB11/Data_Entry!$H11<0,0,Data_Entry!AB11/Data_Entry!$H11),0) -> 0.67999221 | X22: =IFERROR(IF(Data_Entry!AC11/Data_Entry!$I11<0,0,Data_Entry!AC11/Data_Entry!$I11),0) -> 0.23215821 | Y22: =IFERROR(IF(Data_Entry!AD11/Data_Entry!$I11<0,0,Data_Entry!AD11/Data_Entry!$I11),0) -> 0.14903984 | Z22: =IFERROR(IF(Data_Entry!AE11/Data_Entry!$I11<0,0,Data_Entry!AE11/Data_Entry!$I11),0) -> 0.15190599 | AA22: =IFERROR(IF(Data_Entry!AF11/Data_Entry!$I11<0,0,Data_Entry!AF11/Data_Entry!$I11),0) -> 0.12037833 | AB22: =IFERROR(IF(Data_Entry!AG11/Data_Entry!$I11<0,0,Data_Entry!AG11/Data_Entry!$I11),0) -> 0.068787618 | AC22: =IFERROR(IF(Data_Entry!AI11/Data_Entry!$I11<0,0,Data_Entry!AI11/Data_Entry!$I11),0) -> 0.17913442 | AD22: =IFERROR(IF(Data_Entry!AM11/Data_Entry!$H11<0,0,Data_Entry!AM11/Data_Entry!$H11),0) -> 1.2023051 | AE22: =Data_Entry!AK11 -> 0 | AF22: =Data_Entry!AL11 -> 0 | AG22: =(Data_Entry!O11-Data_Entry!Q11)/Data_Entry!O11 -> 0.032352941 | AH22: =IFERROR(IF(AND(AG22<=10%,J22>=90%),"CAT1",IF(AND(AG22<=10%,J22<90%),"CAT3",IF(AND(AG22>10%,J22>=90%),"CAT2",IF(AND(AG22>10%,J22<90%),"CAT4",)))),"ND") -> CAT1 | AI22: =SUBTOTAL(3,Tableau1[[#This Row],[ZS]]) -> 0 | AJ22: =_xlfn.IFS(L22<50%,"<50%",(AND(L22<80%,L22>50%)),">50%<80%",(AND(L22>=80%,L22<95%)),">=80%<95%",(AND(L22>=95%,L22<100%)),"95-100%",L22>100%,">100%") -> #NAME? | AK22: =IFERROR(IF((Data_Entry!O11-Data_Entry!Q11)/Data_Entry!O11<=10%,"<=10%",">10%"),"<=10%") -> <=10%
A23: Nord Kivu | B23: =Data_Entry!B12 -> Butembo | C23: =Data_Entry!C12 -> Alimbongo | D23: =Data_Entry!D12 -> Kalungu | E23: =IFERROR(IF(Data_Entry!J12/Data_Entry!$I12<0,0,Data_Entry!J12/Data_Entry!$I12),0) -> 0.57896745 | F23: =IFERROR(IF(Data_Entry!K12/Data_Entry!$H12<0,0,Data_Entry!K12/Data_Entry!$H12),0) -> 1.203429 | G23: =IFERROR(IF(Data_Entry!L12/Data_Entry!$H12<0,0,Data_Entry!L12/Data_Entry!$H12),0) -> 1.01223 | H23: =IFERROR(IF(Data_Entry!M12/Data_Entry!$H12<0,0,Data_Entry!M12/Data_Entry!$H12),0) -> 0.98786152 | I23: =IFERROR(IF(Data_Entry!N12/Data_Entry!$H12<0,0,Data_Entry!N12/Data_Entry!$H12),0) -> 1.0141045 | J23: =IFERROR(IF(Data_Entry!O12/Data_Entry!$H12<0,0,Data_Entry!O12/Data_Entry!$H12),0) -> 1.0103555 | K23: =IFERROR(IF(Data_Entry!P12/Data_Entry!$H12<0,0,Data_Entry!P12/Data_Entry!$H12),0) -> 0.99348502 | L23: =IFERROR(IF(Data_Entry!Q12/Data_Entry!$H12<0,0,Data_Entry!Q12/Data_Entry!$H12),0) -> 1.01223 | M23: =IFERROR(IF(Data_Entry!R12/Data_Entry!$H12<0,0,Data_Entry!R12/Data_Entry!$H12),0) -> 1.01223 | ... W23: =IFERROR(IF(Data_Entry!AB12/Data_Entry!$H12<0,0,Data_Entry!AB12/Data_Entry!$H12),0) -> 0.51361301 | X23: =IFERROR(IF(Data_Entry!AC12/Data_Entry!$I12<0,0,Data_Entry!AC12/Data_Entry!$I12),0) -> 1.1383089 | Y23: =IFERROR(IF(Data_Entry!AD12/Data_Entry!$I12<0,0,Data_Entry!AD12/Data_Entry!$I12),0) -> 0.6411165 | Z23: =IFERROR(IF(Data_Entry!AE12/Data_Entry!$I12<0,0,Data_Entry!AE12/Data_Entry!$I12),0) -> 0.57733195 | AA23: =IFERROR(IF(Data_Entry!AF12/Data_Entry!$I12<0,0,Data_Entry!AF12/Data_Entry!$I12),0) -> 0.5151829 | AB23: =IFERROR(IF(Data_Entry!AG12/Data_Entry!$I12<0,0,Data_Entry!AG12/Data_Entry!$I12),0) -> 0.20934416 | AC23: =IFERROR(IF(Data_Entry!AI12/Data_Entry!$I12<0,0,Data_Entry!AI12/Data_Entry!$I12),0) -> 0.086354468 | AD23: =IFERROR(IF(Data_Entry!AM12/Data_Entry!$H12<0,0,Data_Entry!AM12/Data_Entry!$H12),0) -> 1.1790605 | AE23: =Data_Entry!AK12 -> 0 | AF23: =Data_Entry!AL12 -> 0 | AG23: =(Data_Entry!O12-Data_Entry!Q12)/Data_Entry!O12 -> -0.0018552876 | AH23: =IFERROR(IF(AND(AG23<=10%,J23>=90%),"CAT1",IF(AND(AG23<=10%,J23<90%),"CAT3",IF(AND(AG23>10%,J23>=90%),"CAT2",IF(AND(AG23>10%,J23<90%),"CAT4",)))),"ND") -> CAT1 | AI23: =SUBTOTAL(3,Tableau1[[#This Row],[ZS]]) -> 0 | AJ23: =_xlfn.IFS(L23<50%,"<50%",(AND(L23<80%,L23>50%)),">50%<80%",(AND(L23>=80%,L23<95%)),">=80%<95%",(AND(L23>=95%,L23<100%)),"95-100%",L23>100%,">100%") -> #NAME? | AK23: =IFERROR(IF((Data_Entry!O12-Data_Entry!Q12)/Data_Entry!O12<=10%,"<=10%",">10%"),"<=10%") -> <=10%
A24: Nord Kivu | B24: =Data_Entry!B13 -> Butembo | C24: =Data_Entry!C13 -> Alimbongo | D24: =Data_Entry!D13 -> Kaseghe CBCA | E24: =IFERROR(IF(Data_Entry!J13/Data_Entry!$I13<0,0,Data_Entry!J13/Data_Entry!$I13),0) -> 0.039190072 | F24: =IFERROR(IF(Data_Entry!K13/Data_Entry!$H13<0,0,Data_Entry!K13/Data_Entry!$H13),0) -> 0.026201576 | G24: =IFERROR(IF(Data_Entry!L13/Data_Entry!$H13<0,0,Data_Entry!L13/Data_Entry!$H13),0) -> 1.0780077 | H24: =IFERROR(IF(Data_Entry!M13/Data_Entry!$H13<0,0,Data_Entry!M13/Data_Entry!$H13),0) -> 1.0330907 | I24: =IFERROR(IF(Data_Entry!N13/Data_Entry!$H13<0,0,Data_Entry!N13/Data_Entry!$H13),0) -> 1.0967231 | J24: =IFERROR(IF(Data_Entry!O13/Data_Entry!$H13<0,0,Data_Entry!O13/Data_Entry!$H13),0) -> 0.77856112 | K24: =IFERROR(IF(Data_Entry!P13/Data_Entry!$H13<0,0,Data_Entry!P13/Data_Entry!$H13),0) -> 0.73738722 | L24: =IFERROR(IF(Data_Entry!Q13/Data_Entry!$H13<0,0,Data_Entry!Q13/Data_Entry!$H13),0) -> 0.8047627 | M24: =IFERROR(IF(Data_Entry!R13/Data_Entry!$H13<0,0,Data_Entry!R13/Data_Entry!$H13),0) -> 0.79727653 | ... W24: =IFERROR(IF(Data_Entry!AB13/Data_Entry!$H13<0,0,Data_Entry!AB13/Data_Entry!$H13),0) -> 0.95074291 | X24: =IFERROR(IF(Data_Entry!AC13/Data_Entry!$I13<0,0,Data_Entry!AC13/Data_Entry!$I13),0) -> 0.62377531 | Y24: =IFERROR(IF(Data_Entry!AD13/Data_Entry!$I13<0,0,Data_Entry!AD13/Data_Entry!$I13),0) -> 0.44088831 | Z24: =IFERROR(IF(Data_Entry!AE13/Data_Entry!$I13<0,0,Data_Entry!AE13/Data_Entry!$I13),0) -> 0.32331809 | AA24: =IFERROR(IF(Data_Entry!AF13/Data_Entry!$I13<0,0,Data_Entry!AF13/Data_Entry!$I13),0) -> 0.25473547 | AB24: =IFERROR(IF(Data_Entry!AG13/Data_Entry!$I13<0,0,Data_Entry!AG13/Data_Entry!$I13),0) -> 0.14696277 | AC24: =IFERROR(IF(Data_Entry!AI13/Data_Entry!$I13<0,0,Data_Entry!AI13/Data_Entry!$I13),0) -> 0.16329197 | AD24: =IFERROR(IF(Data_Entry!AM13/Data_Entry!$H13<0,0,Data_Entry!AM13/Data_Entry!$H13),0) -> 0.98443065 | AE24: =Data_Entry!AK13 -> 59.1595 | AF24: =Data_Entry!AL13 -> 0 | AG24: =(Data_Entry!O13-Data_Entry!Q13)/Data_Entry!O13 -> -0.033653846 | AH24: =IFERROR(IF(AND(AG24<=10%,J24>=90%),"CAT1",IF(AND(AG24<=10%,J24<90%),"CAT3",IF(AND(AG24>10%,J24>=90%),"CAT2",IF(AND(AG24>10%,J24<90%),"CAT4",)))),"ND") -> CAT3 | AI24: =SUBTOTAL(3,Tableau1[[#This Row],[ZS]]) -> 0 | AJ24: =_xlfn.IFS(L24<50%,"<50%",(AND(L24<80%,L24>50%)),">50%<80%",(AND(L24>=80%,L24<95%)),">=80%<95%",(AND(L24>=95%,L24<100%)),"95-100%",L24>100%,">100%") -> #NAME? | AK24: =IFERROR(IF((Data_Entry!O13-Data_Entry!Q13)/Data_Entry!O13<=10%,"<=10%",">10%"),"<=10%") -> <=10%
A25: Nord Kivu | B25: =Data_Entry!B14 -> Butembo | C25: =Data_Entry!C14 -> Alimbongo | D25: =Data_Entry!D14 -> Kasingiri | E25: =IFERROR(IF(Data_Entry!J14/Data_Entry!$I14<0,0,Data_Entry!J14/Data_Entry!$I14),0) -> 0.65534543 | F25: =IFERROR(IF(Data_Entry!K14/Data_Entry!$H14<0,0,Data_Entry!K14/Data_Entry!$H14),0) -> 0.32114693 | G25: =IFERROR(IF(Data_Entry!L14/Data_Entry!$H14<0,0,Data_Entry!L14/Data_Entry!$H14),0) -> 0.47243102 | H25: =IFERROR(IF(Data_Entry!M14/Data_Entry!$H14<0,0,Data_Entry!M14/Data_Entry!$H14),0) -> 0.43792763 | I25: =IFERROR(IF(Data_Entry!N14/Data_Entry!$H14<0,0,Data_Entry!N14/Data_Entry!$H14),0) -> 0.44323584 | J25: =IFERROR(IF(Data_Entry!O14/Data_Entry!$H14<0,0,Data_Entry!O14/Data_Entry!$H14),0) -> 0.79888616 | K25: =IFERROR(IF(Data_Entry!P14/Data_Entry!$H14<0,0,Data_Entry!P14/Data_Entry!$H14),0) -> 0.77234509 | L25: =IFERROR(IF(Data_Entry!Q14/Data_Entry!$H14<0,0,Data_Entry!Q14/Data_Entry!$H14),0) -> 0.71395474 | M25: =IFERROR(IF(Data_Entry!R14/Data_Entry!$H14<0,0,Data_Entry!R14/Data_Entry!$H14),0) -> 0.79357795 | ... W25: =IFERROR(IF(Data_Entry!AB14/Data_Entry!$H14<0,0,Data_Entry!AB14/Data_Entry!$H14),0) -> 0.44323584 | X25: =IFERROR(IF(Data_Entry!AC14/Data_Entry!$I14<0,0,Data_Entry!AC14/Data_Entry!$I14),0) -> 0.071786955 | Y25: =IFERROR(IF(Data_Entry!AD14/Data_Entry!$I14<0,0,Data_Entry!AD14/Data_Entry!$I14),0) -> 0.041682748 | Z25: =IFERROR(IF(Data_Entry!AE14/Data_Entry!$I14<0,0,Data_Entry!AE14/Data_Entry!$I14),0) -> 0.081049788 | AA25: =IFERROR(IF(Data_Entry!AF14/Data_Entry!$I14<0,0,Data_Entry!AF14/Data_Entry!$I14),0) -> 0.067155538 | AB25: =IFERROR(IF(Data_Entry!AG14/Data_Entry!$I14<0,0,Data_Entry!AG14/Data_Entry!$I14),0) -> 0.055576997 | AC25: =IFERROR(IF(Data_Entry!AI14/Data_Entry!$I14<0,0,Data_Entry!AI14/Data_Entry!$I14),0) -> 0.12551139 | AD25: =IFERROR(IF(Data_Entry!AM14/Data_Entry!$H14<0,0,Data_Entry!AM14/Data_Entry!$H14),0) -> 0.80684848 | AE25: =Data_Entry!AK14 -> 75.774583 | AF25: =Data_Entry!AL14 -> 0 | AG25: =(Data_Entry!O14-Data_Entry!Q14)/Data_Entry!O14 -> 0.10631229 | AH25: =IFERROR(IF(AND(AG25<=10%,J25>=90%),"CAT1",IF(AND(AG25<=10%,J25<90%),"CAT3",IF(AND(AG25>10%,J25>=90%),"CAT2",IF(AND(AG25>10%,J25<90%),"CAT4",)))),"ND") -> CAT4 | AI25: =SUBTOTAL(3,Tableau1[[#This Row],[ZS]]) -> 0 | AJ25: =_xlfn.IFS(L25<50%,"<50%",(AND(L25<80%,L25>50%)),">50%<80%",(AND(L25>=80%,L25<95%)),">=80%<95%",(AND(L25>=95%,L25<100%)),"95-100%",L25>100%,">100%") -> #NAME? | AK25: =IFERROR(IF((Data_Entry!O14-Data_Entry!Q14)/Data_Entry!O14<=10%,"<=10%",">10%"),"<=10%") -> >10%
A26: Nord Kivu | B26: =Data_Entry!B15 -> Butembo | C26: =Data_Entry!C15 -> Alimbongo | D26: =Data_Entry!D15 -> Kikyo | E26: =IFERROR(IF(Data_Entry!J15/Data_Entry!$I15<0,0,Data_Entry!J15/Data_Entry!$I15),0) -> 0.27725632 | F26: =IFERROR(IF(Data_Entry!K15/Data_Entry!$H15<0,0,Data_Entry!K15/Data_Entry!$H15),0) -> 0 | G26: =IFERROR(IF(Data_Entry!L15/Data_Entry!$H15<0,0,Data_Entry!L15/Data_Entry!$H15),0) -> 0.41211093 | H26: =IFERROR(IF(Data_Entry!M15/Data_Entry!$H15<0,0,Data_Entry!M15/Data_Entry!$H15),0) -> 0.39225016 | I26: =IFERROR(IF(Data_Entry!N15/Data_Entry!$H15<0,0,Data_Entry!N15/Data_Entry!$H15),0) -> 0.40466314 | J26: =IFERROR(IF(Data_Entry!O15/Data_Entry!$H15<0,0,Data_Entry!O15/Data_Entry!$H15),0) -> 0.41955872 | K26: =IFERROR(IF(Data_Entry!P15/Data_Entry!$H15<0,0,Data_Entry!P15/Data_Entry!$H15),0) -> 0.39473276 | L26: =IFERROR(IF(Data_Entry!Q15/Data_Entry!$H15<0,0,Data_Entry!Q15/Data_Entry!$H15),0) -> 0.36494161 | M26: =IFERROR(IF(Data_Entry!R15/Data_Entry!$H15<0,0,Data_Entry!R15/Data_Entry!$H15),0) -> 0.42452391 | ... W26: =IFERROR(IF(Data_Entry!AB15/Data_Entry!$H15<0,0,Data_Entry!AB15/Data_Entry!$H15),0) -> 0.38728497 | X26: =IFERROR(IF(Data_Entry!AC15/Data_Entry!$I15<0,0,Data_Entry!AC15/Data_Entry!$I15),0) -> 0.166787 | Y26: =IFERROR(IF(Data_Entry!AD15/Data_Entry!$I15<0,0,Data_Entry!AD15/Data_Entry!$I15),0) -> 0.086642599 | Z26: =IFERROR(IF(Data_Entry!AE15/Data_Entry!$I15<0,0,Data_Entry!AE15/Data_Entry!$I15),0) -> 0.036823105 | AA26: =IFERROR(IF(Data_Entry!AF15/Data_Entry!$I15<0,0,Data_Entry!AF15/Data_Entry!$I15),0) -> 0.023826715 | AB26: =IFERROR(IF(Data_Entry!AG15/Data_Entry!$I15<0,0,Data_Entry!AG15/Data_Entry!$I15),0) -> 0.03465704 | AC26: =IFERROR(IF(Data_Entry!AI15/Data_Entry!$I15<0,0,Data_Entry!AI15/Data_Entry!$I15),0) -> 0.099205776 | AD26: =IFERROR(IF(Data_Entry!AM15/Data_Entry!$H15<0,0,Data_Entry!AM15/Data_Entry!$H15),0) -> 0.41211093 | AE26: =Data_Entry!AK15 -> 233.80417 | AF26: =Data_Entry!AL15 -> 2 | AG26: =(Data_Entry!O15-Data_Entry!Q15)/Data_Entry!O15 -> 0.13017751 | AH26: =IFERROR(IF(AND(AG26<=10%,J26>=90%),"CAT1",IF(AND(AG26<=10%,J26<90%),"CAT3",IF(AND(AG26>10%,J26>=90%),"CAT2",IF(AND(AG26>10%,J26<90%),"CAT4",)))),"ND") -> CAT4 | AI26: =SUBTOTAL(3,Tableau1[[#This Row],[ZS]]) -> 0 | AJ26: =_xlfn.IFS(L26<50%,"<50%",(AND(L26<80%,L26>50%)),">50%<80%",(AND(L26>=80%,L26<95%)),">=80%<95%",(AND(L26>=95%,L26<100%)),"95-100%",L26>100%,">100%") -> #NAME? | AK26: =IFERROR(IF((Data_Entry!O15-Data_Entry!Q15)/Data_Entry!O15<=10%,"<=10%",">10%"),"<=10%") -> >10%
